Performance Summary | MUTUAL FUNDS ASSOCIATION OF PAKISTAN,Unnamed: 1,Unnamed: 2,Unnamed: 3,Unnamed: 4,Unnamed: 5,Unnamed: 6,Unnamed: 7,Unnamed: 8,Unnamed: 9,Unnamed: 10,Unnamed: 11,Unnamed: 12,Unnamed: 13,Unnamed: 14,Unnamed: 15,Unnamed: 16,Unnamed: 17,amc_clean
Sector,Category,Fund Name,Rating,Benchmark,Validity Date,NAV,YTD,MTD,1 Day,15 Days,30 Days,90 Days,180 Days,270 Days,365 Days,2 Years,3 Years,
Open-End Funds,Money Market (Annualized Return),ABL Cash Fund,AA+(f),,"Jan 16, 2026",10.8238,10.1696,10.4536,9.782,10.4536,10.3843,10.2768,10.1509,10.6389,10.7536,16.3269,20.3894,ABL Mutual Fund
Open-End Funds,Money Market (Annualized Return),ABL Money Market Plan I,AA+(f),,"Jan 16, 2026",10.5568,9.8878,9.765,8.979,9.765,9.5825,9.958,9.8047,10.403,10.4289,16.1043,,ABL Mutual Fund
Open-End Funds,Money Market (Annualized Return),AKD Cash Fund,AA+(f),,"Jan 15, 2026",54.8844,10.2079,11.0814,10.9865,11.0814,10.9245,10.7707,10.1803,10.412,10.6454,16.0975,20.1232,AKD Mutual Fund
Open-End Funds,Money Market (Annualized Return),AL Habib Cash Fund,AAA(f),,"Jan 16, 2026",107.3035,10.298,10.0399,10.293,10.0399,9.8866,10.2265,10.2958,10.6146,10.7983,16.0708,20.044,AL Habib Mutual Fund
Open-End Funds,Money Market (Annualized Return),AL Habib Money Market Fund,AAA(f),,"Jan 16, 2026",106.0798,10.2427,10.018,10.147,10.018,9.8331,10.1961,10.2449,10.5002,10.684,15.9949,20.0181,AL Habib Mutual Fund
Open-End Funds,Money Market (Annualized Return),Alfalah Cash Fund - II (Formerly: Faysal Cash Fund),AA+(f),,"Jan 15, 2026",108.0969,9.8607,10.5746,10.147,10.6288,10.7955,10.104,9.7946,10.5478,10.746,17.1279,20.526,Alfalah Mutual Fund
Open-End Funds,Money Market (Annualized Return),Alfalah GHP Cash Fund,AA+(f),Nil,"Jan 15, 2026",530.8532,9.5848,9.0416,8.7965,9.0423,9.1177,9.3886,9.5058,9.9448,10.1074,15.5928,19.8168,Alfalah GHP Mutual Fund
Open-End Funds,Money Market (Annualized Return),Alfalah GHP Money Market Fund,AA+(f),,"Jan 15, 2026",104.4416,10.05,10.0326,10.001,10.0326,10.0862,10.0679,10.0592,10.3833,10.6462,16.1085,20.2331,Alfalah GHP Mutual Fund
Open-End Funds,Money Market (Annualized Return),Alfalah Money Market Fund - II (Formerly: Faysal Money Market Fund),AA(f),,"Jan 15, 2026",108.7377,9.5317,9.6021,9.8185,9.5508,9.1883,9.2057,9.3448,10.0443,10.5989,15.6051,19.4431,Alfalah Mutual Fund
Open-End Funds,Money Market (Annualized Return),Askari Cash Fund,AA+(f),,"Jan 16, 2026",108.8446,9.1043,8.8208,8.7965,8.8208,8.4838,8.6469,8.9656,9.4704,9.7908,15.2255,19.4799,Askari Mutual Fund
Open-End Funds,Money Market (Annualized Return),Atlas Liquid Fund,AA+(f),,"Jan 16, 2026",530.3134,10.5217,10.5631,9.9645,10.5631,10.422,10.6418,10.4205,10.7083,10.8692,16.3709,20.2859,Atlas Mutual Fund
Open-End Funds,Money Market (Annualized Return),Atlas Money Market Fund,AA+(f),,"Jan 15, 2026",542.256,10.6208,10.4998,10.1835,10.4998,10.3538,10.6073,10.5592,10.801,10.9622,16.4393,20.523,Atlas Mutual Fund
Open-End Funds,Money Market (Annualized Return),HBL Cash Fund,AA+(f),,"Jan 15, 2026",108.9641,9.9634,9.6334,9.3075,9.6822,10.1166,10.0197,9.9452,10.5713,10.612,15.3012,19.556,
Open-End Funds,Money Market (Annualized Return),HBL Money Market Fund,AA+(f),,"Jan 15, 2026",108.9961,9.5973,8.8434,8.76,8.8379,9.024,9.3639,9.4472,10.1047,10.0744,15.4059,19.3322,
Open-End Funds,Money Market (Annualized Return),JS Cash Fund,AA+(f),,"Jan 16, 2026",111.1829,10.3895,9.3245,10.5485,9.3245,12.7142,10.5181,10.3861,10.5632,10.6906,16.2042,20.358,JS Mutual Fund
Open-End Funds,Money Market (Annualized Return),JS Money Market Fund,AA+(f),,"Jan 16, 2026",117.0698,10.4977,9.8088,9.9645,9.8088,9.6664,9.7321,10.4966,10.6291,10.2624,16.3144,,JS Mutual Fund
Open-End Funds,Money Market (Annualized Return),Lakson Money Market Fund,AA+(f),,"Jan 16, 2026",108.4835,10.0588,10.018,10.074,10.018,10.0205,10.104,10.0032,10.4591,10.7199,16.3617,20.5772,Lakson Mutual Fund
Open-End Funds,Money Market (Annualized Return),MCB Cash Management Optimizer,AA+(f),,"Jan 16, 2026",107.9142,9.9995,9.9426,9.636,9.9426,9.9633,10.0051,9.9501,10.3057,10.5589,16.1478,20.0944,MCB Mutual Fund
Open-End Funds,Money Market (Annualized Return),NBP Cash Plan I,,,"Jan 15, 2026",10.6227,9.7792,9.8672,9.271,9.8672,9.7905,9.7625,9.7702,10.1127,10.2876,15.9839,20.1361,NBP Mutual Fund
Open-End Funds,Money Market (Annualized Return),NBP Cash Plan II,,,"Jan 15, 2026",10,9.9784,9.9694,9.49,9.9694,10.1616,10.0521,9.9467,10.3217,10.4706,16.2246,20.2991,NBP Mutual Fund
Open-End Funds,Money Market (Annualized Return),NBP Government Securities Liquid Fund,AAA(f),,"Jan 15, 2026",10.8619,9.8315,9.6944,9.417,9.6944,9.5168,9.7694,9.7007,10.2862,10.4548,16.1767,20.4195,NBP Mutual Fund
Open-End Funds,Money Market (Annualized Return),NBP Money Market Fund,AA(f),,"Jan 15, 2026",10.585,10.0951,10.1567,9.6725,10.1567,10.0947,10.1158,10.0365,10.4325,10.5854,16.2379,20.2879,NBP Mutual Fund
Open-End Funds,Money Market (Annualized Return),NIT Money Market Fund,AAA(f),,"Jan 16, 2026",10.3209,10.4911,10.4171,10.6215,10.4171,10.4865,10.6337,10.441,10.7789,11.0304,16.7125,20.9571,NIT Mutual Fund
Open-End Funds,Money Market (Annualized Return),Pakistan Cash Management Fund,AA+(f),,"Jan 16, 2026",50.4678,9.9493,10.4731,9.7455,10.4731,9.8015,9.8952,9.9329,10.0144,10.2146,15.8779,19.8001,
Open-End Funds,Money Market (Annualized Return),UBL Cash Fund,AA+(f),,"Jan 16, 2026",105.7779,9.8524,9.9012,10.5485,9.9012,10.1811,9.8278,9.8065,10.1563,10.4515,15.9587,19.9339,UBL Mutual Fund
Open-End Funds,Money Market (Annualized Return),UBL Liquidity Fund,,,"Jan 16, 2026",103.7081,10.5079,9.9353,9.855,9.9353,10.0777,10.3222,,,,,,UBL Mutual Fund
Open-End Funds,Money Market (Annualized Return),UBL Liquidity Plus Fund,AA+(f),,"Jan 16, 2026",107.1082,10.1292,9.8939,10.877,9.8939,9.973,10.0558,10.0695,10.3026,10.5455,16.0446,20.0431,UBL Mutual Fund
Open-End Funds,Money Market (Annualized Return),UBL Money Market Fund,AA+(f),,"Jan 16, 2026",106.7143,10.0674,9.8574,9.7455,9.8574,9.9317,9.9868,10.0379,10.3061,10.6834,16.0501,19.95,UBL Mutual Fund
Open-End Funds,Income (Annualized Return),ABL Financial Sector Fund Plan I,A+(f),,"Jan 15, 2026",10.5794,10.4236,10.0691,10.366,10.0691,10.6385,10.6093,10.408,10.5563,10.9049,16.4816,,ABL Mutual Fund
Open-End Funds,Income (Annualized Return),ABL Government Securities Fund,AA-(f),,"Jan 15, 2026",10.7463,10.4566,12.9064,9.5265,12.9064,11.843,10.9492,10.4007,11.1663,11.0227,17.3521,21.4059,ABL Mutual Fund
Open-End Funds,Income (Annualized Return),ABL Income Fund,A+(f),,"Jan 15, 2026",10.7704,10.2912,13.3347,23.068,13.3347,13.5233,10.92,10.237,11.366,11.2487,17.5102,19.6945,ABL Mutual Fund
Open-End Funds,Income (Annualized Return),AL Habib Government Securities Fund,AAA(f),,"Jan 15, 2026",106.1298,10.3245,10.5461,13.7605,10.5461,10.1604,10.4471,10.2924,11.1524,11.0884,16.7073,,AL Habib Mutual Fund
Open-End Funds,Income (Annualized Return),AL Habib Income Fund,AA(f),,"Jan 15, 2026",108.0774,10.4537,11.3247,9.8185,11.3247,10.7237,10.7415,10.4741,10.7989,10.8633,16.5981,20.7135,AL Habib Mutual Fund
Open-End Funds,Income (Annualized Return),AL Habib Sovereign Income Fund Plan 1,,,"Jan 15, 2026",105.8842,10.7926,10.7724,9.8185,10.7724,10.6288,11.289,10.6304,,,,,AL Habib Mutual Fund
Open-End Funds,Income (Annualized Return),AL Habib Sovereign Income Fund Plan 2,,,"Jan 15, 2026",105.9587,10.9293,10.5242,8.6505,10.5242,10.523,10.9123,10.878,,,,,AL Habib Mutual Fund
Open-End Funds,Income (Annualized Return),AL Habib Sovereign Income Fund Plan 3,,,"Jan 15, 2026",105.9588,10.9295,9.4462,9.8915,9.4462,9.8538,10.7379,10.8782,,,,,AL Habib Mutual Fund
Open-End Funds,Income (Annualized Return),Alfalah Financial Sector Income Fund,A+(f),,"Jan 15, 2026",106.1046,10.5478,10.3003,11.242,10.3003,10.7566,10.8044,10.514,10.8235,11.202,4.8565,,Alfalah Mutual Fund
Open-End Funds,Income (Annualized Return),Alfalah Financial Sector Opportunity Fund  (Formerly: Faysal Financial Sector Opportunity Fund),A+(f),,"Jan 15, 2026",123.2257,13.8742,10.6556,10.001,10.6556,17.6709,13.0293,11.8909,13.1787,13.2444,16.1863,20.8802,Alfalah Mutual Fund
Open-End Funds,Income (Annualized Return),Alfalah GHP Income Fund,AA-(f),12,"Jan 15, 2026",120.9689,10.6574,12.0134,4.599,12.0134,12.8577,11.6257,10.7381,11.0244,11.3756,16.8024,21.6234,Alfalah GHP Mutual Fund
Open-End Funds,Income (Annualized Return),Alfalah GHP Sovereign Fund,AA-(f),,"Jan 15, 2026",114.5746,11.5938,24.1119,44.7125,24.1119,22.0107,14.5193,11.3965,13.5748,12.3674,17.7593,22.0955,Alfalah GHP Mutual Fund
Open-End Funds,Income (Annualized Return),Alfalah Government Securities Fund - II (Formerly: Faysal Government Securities Fund),AA(f),,"Jan 15, 2026",133.9997,11.3977,19.6467,44.2745,19.6467,19.1941,14.9358,11.1931,13.316,12.4666,17.1408,18.3844,Alfalah Mutual Fund
Open-End Funds,Income (Annualized Return),Alfalah Government Securities Fund Plan I,,,"Jan 15, 2026",107.5675,13.4153,31.7818,88.8775,31.7818,29.1416,18.9285,13.3132,14.9069,13.9807,,,Alfalah Mutual Fund
Open-End Funds,Income (Annualized Return),Alfalah Government Securities Fund Plan II,,,"Jan 15, 2026",105.4716,9.868,13.7946,23.1775,13.7946,14.5258,11.826,9.4446,11.874,11.7002,,,Alfalah Mutual Fund
Open-End Funds,Income (Annualized Return),Alfalah MTS Fund (Formerly: Faysal MTS Fund),AA-(f),,"Jan 15, 2026",110.1048,11.441,10.6823,10.6215,10.6823,10.4098,10.7176,11.3882,11.5886,11.5597,15.5794,20.3814,Alfalah Mutual Fund
Open-End Funds,Income (Annualized Return),Alfalah Savings Growth Fund (Formerly: Faysal Savings Growth Fund),AA-(f),,"Jan 15, 2026",111.848,13.1793,23.6593,52.4505,23.6593,22.6495,16.2855,13.04,13.8684,13.5617,20.6855,22.7776,Alfalah Mutual Fund
Open-End Funds,Income (Annualized Return),Askari Sovereign Yield Enhancer,AA-(f),,"Jan 15, 2026",109.5395,9.214,8.7697,7.957,8.7697,8.6773,9.0609,9.1702,9.8107,9.896,16.1739,20.8165,Askari Mutual Fund
Open-End Funds,Income (Annualized Return),Atlas Income Fund,AA-(f),,"Jan 15, 2026",560.7336,10.9089,11.8649,17.9945,11.8649,11.9562,11.5819,10.8267,11.103,11.358,17.0891,20.4305,Atlas Mutual Fund
Open-End Funds,Income (Annualized Return),Atlas Sovereign Fund,AA-(f),,"Jan 15, 2026",108.9779,11.2169,14.0038,23.579,14.0038,14.3323,12.6663,11.0244,11.5412,11.088,17.9279,20.8794,Atlas Mutual Fund
Open-End Funds,Income (Annualized Return),AWT Financial Sector Income Fund,A+(f),,"Jan 15, 2026",104.326,7.282,6.2975,6.7525,6.2975,6.6978,6.9395,7.2063,7.7722,8.2706,14.3938,19.694,AWT Mutual Fund
Open-End Funds,Income (Annualized Return),AWT Income Fund,A+(f),,"Jan 15, 2026",116.5621,9.7389,8.9668,2.336,8.9668,9.647,9.6689,9.6893,10.1844,10.2192,16.6662,21.1632,AWT Mutual Fund
Open-End Funds,Income (Annualized Return),HBL Financial Sector Income Fund Plan I,,,"Jan 15, 2026",107.9387,9.8511,10.568,15.7315,10.568,10.3088,10.1778,9.7402,10.7382,10.8027,16.3114,20.9264,
Open-End Funds,Income (Annualized Return),HBL Financial Sector Income Fund Plan II,,,"Jan 15, 2026",100,16.4074,10.3344,10.1835,10.3344,10.4366,10.9261,11.6926,11.7284,11.5624,,,
Open-End Funds,Income (Annualized Return),HBL Government Securities Fund,AA-(f),,"Jan 15, 2026",121.9848,12.7383,19.6346,45.7345,19.6346,21.9791,16.4108,12.3853,12.9862,11.9502,18.3527,22.0657,
Open-End Funds,Income (Annualized Return),HBL Income Fund,A+(f),,"Jan 15, 2026",120.4768,11.656,17.739,34.894,17.739,17.5991,14.3027,11.6255,11.5128,10.7353,16.5429,20.8095,
Open-End Funds,Income (Annualized Return),JS Government Securities Fund,AA(f),,"Jan 15, 2026",118.9213,11.1806,19.8268,45.99,19.8268,18.6783,13.9215,11.0753,12.0751,11.4284,16.8137,20.9797,JS Mutual Fund
Open-End Funds,Income (Annualized Return),JS Income Fund,A+(f),,"Jan 15, 2026",122.8516,10.0074,12.6266,23.725,12.6266,12.0925,9.1603,10.0065,10.9127,10.6414,15.6297,18.8275,JS Mutual Fund
Open-End Funds,Income (Annualized Return),JS Microfinance Sector Fund,A(f),,"Jan 15, 2026",114.8614,11.3616,10.967,10.512,10.967,11.023,11.2035,11.3535,11.3602,11.6449,17.4191,22.4452,JS Mutual Fund
Open-End Funds,Income (Annualized Return),Lakson Income Fund,A+(f),,"Jan 15, 2026",109.1638,12.4316,17.7852,59.8965,17.7852,17.1611,14.0695,12.3269,13.8267,13.1801,18.6562,18.4503,Lakson Mutual Fund
Open-End Funds,Income (Annualized Return),MCB DCF Income Fund,AA-(f),,"Jan 15, 2026",115.5317,10.0496,12.5974,5.2925,12.5974,12.5268,10.7123,9.9353,10.9562,10.7177,15.9697,19.2829,MCB Mutual Fund
Open-End Funds,Income (Annualized Return),MCB Government Securities Plan I,AA(f),,"Jan 15, 2026",106.2891,10.8361,12.8383,11.753,12.8383,12.8395,11.7668,10.6458,11.8541,11.8317,,,MCB Mutual Fund
Open-End Funds,Income (Annualized Return),MCB Pakistan Sovereign Fund,AA-(f),,"Jan 15, 2026",58.41,11.2657,16.7778,43.8,16.7778,17.11,13.5614,11.0173,12.9236,12.2158,17.6841,20.9338,MCB Mutual Fund
Open-End Funds,Income (Annualized Return),NBP Financial Sector Income Fund,A+(f),,"Jan 15, 2026",11.2924,10.5391,10.8867,12.3005,10.8867,11.2542,10.9358,10.5349,10.8717,11.0126,16.5881,20.9666,NBP Mutual Fund
Open-End Funds,Income (Annualized Return),NBP Government Securities Plan IV,AA(f),,"Jan 15, 2026",10.6924,11.3018,16.4493,29.3825,16.4493,16.8667,13.5342,11.2304,12.0313,11.818,17.7449,,NBP Mutual Fund
Open-End Funds,Income (Annualized Return),NBP Government Securities Plan VIII,,,"Jan 15, 2026",10.454,11.544,13.1765,29.0175,13.1765,14.0927,12.509,,,,,,NBP Mutual Fund
Open-End Funds,Income (Annualized Return),NBP Government Securities Savings Fund,AA-(f),,"Jan 15, 2026",11.2021,11.7088,18.6053,36.865,18.6053,18.6138,14.3802,11.4797,12.6002,12.065,17.9681,21.851,NBP Mutual Fund
Open-End Funds,Income (Annualized Return),NBP Income Opportunity Fund,A+(f),,"Jan 15, 2026",11.8637,16.1559,12.8261,8.322,12.8261,12.045,11.2927,16.5538,17.4529,15.9998,19.9282,22.7553,NBP Mutual Fund
Open-End Funds,Income (Annualized Return),NBP Income Plan I,,,"Jan 15, 2026",10.1819,10.2536,10.585,11.826,10.585,11.0449,10.7415,10.2952,10.5563,10.6989,16.399,20.8528,NBP Mutual Fund
Open-End Funds,Income (Annualized Return),NBP Mahana Amdani Fund,AA-(f),,"Jan 15, 2026",10.8934,10.6217,10.5655,10.4025,10.5655,10.613,10.66,10.5227,10.7917,11.0558,16.3681,20.5917,NBP Mutual Fund
Open-End Funds,Income (Annualized Return),NBP Savings Fund,A+(f),,"Jan 16, 2026",10.7433,15.2786,9.9158,10.1835,9.9158,9.8295,10.0622,15.682,14.3315,13.764,18.1786,21.4683,NBP Mutual Fund
Open-End Funds,Income (Annualized Return),NIT - Government Bond Fund,AA(f),,"Jan 15, 2026",10.6411,10.3944,13.5902,24.017,13.5902,13.561,11.1329,10.1827,11.4399,11.2706,16.9169,20.859,NIT Mutual Fund
Open-End Funds,Income (Annualized Return),NIT - Income Fund,AA-(f),,"Jan 15, 2026",10.8881,10.4161,12.7142,31.8645,12.7142,12.5657,11.5539,10.3962,10.8916,10.9718,16.1607,20.3642,NIT Mutual Fund
Open-End Funds,Income (Annualized Return),NIT Social Impact Fund,A+(f),,"Jan 15, 2026",10.8679,10.629,10.9524,13.1035,10.9524,11.6301,11.1224,10.5838,10.9286,11.1687,16.4856,21.0117,NIT Mutual Fund
Open-End Funds,Income (Annualized Return),Pak Oman Income Fund,A+(f),,"Jan 15, 2026",11.3713,7.9078,7.5774,8.979,7.5774,7.4278,7.5048,7.7998,8.0243,8.3103,13.9516,19.1985,Pak Oman Mutual Fund
Open-End Funds,Income (Annualized Return),Pak Oman Micro Finance Fund,,,"Jan 15, 2026",106.4267,14.5619,10.7821,10.6945,10.7821,11.3357,11.0964,10.7369,10.8474,10.8986,,,Pak Oman Mutual Fund
Open-End Funds,Income (Annualized Return),Pakistan Income Fund,AA(f),,"Jan 15, 2026",58.2334,10.6996,12.0864,6.4605,12.0864,11.6216,10.5092,10.0221,11.5368,11.4887,17.2615,20.6579,
Open-End Funds,Income (Annualized Return),UBL Government Securities Fund,AA(f),,"Jan 15, 2026",114.1079,13.0624,22.0363,68.9485,22.0363,22.0716,16.1002,12.6446,14.6666,14.085,18.9825,22.1892,UBL Mutual Fund
Open-End Funds,Income (Annualized Return),UBL Income Opportunity Fund,AA-(f),,"Jan 15, 2026",114.976,12.1299,15.0745,14.965,15.0745,15.1098,13.1729,11.9596,12.5914,12.2387,17.6141,21.6677,UBL Mutual Fund
Open-End Funds,Equity (Absolute Return),ABL Stock Fund,,,"Jan 15, 2026",40.8134,44.1502,4.2294,(0.4852),4.2294,7.1212,11.6777,34.8624,51.6458,56.5421,183.8553,379.0084,ABL Mutual Fund
Open-End Funds,Equity (Absolute Return),AKD Opportunity Fund,,,"Jan 15, 2026",233.4706,40.3573,3.8859,0.3496,3.8859,3.8828,5.2129,24.9294,59.1316,52.8166,127.3611,148.7216,AKD Mutual Fund
Open-End Funds,Equity (Absolute Return),AL Habib Stock Fund,,,"Jan 15, 2026",191.1801,48.2147,6.6121,(0.3622),6.6121,9.1952,13.8965,34.7953,55.5265,66.3841,255.1498,474.8316,AL Habib Mutual Fund
Open-End Funds,Equity (Absolute Return),Alfalah GHP Alpha Fund,,,"Jan 15, 2026",125.38,48.9781,5.2375,(0.7206),5.2375,7.7333,14.2831,36.4755,56.6166,64.124,202.8596,403.3139,Alfalah GHP Mutual Fund
Open-End Funds,Equity (Absolute Return),Alfalah GHP Stock Fund,,,"Jan 15, 2026",216.2481,47.0325,5.0363,(0.6932),5.0363,7.5654,13.935,35.0739,50.5523,57.3193,187.9132,394.8386,Alfalah GHP Mutual Fund
Open-End Funds,Equity (Absolute Return),Alfalah Stock Fund - II (Formerly: Faysal Stock Fund),,,"Jan 15, 2026",86.5614,35.9318,5.2437,(0.5846),5.2437,7.5529,12.9897,24.5129,43.9019,51.2504,189.8365,84.4736,Alfalah Mutual Fund
Open-End Funds,Equity (Absolute Return),Atlas Stock Market Fund,,,"Jan 15, 2026","2,280.8676",42.6057,4.7231,(0.6404),4.7231,6.6374,10.9345,31.3255,51.8936,54.0781,181.8997,372.6337,Atlas Mutual Fund
Open-End Funds,Equity (Absolute Return),First Capital Mutual Fund,,,"Jan 15, 2026",18.745,39.8286,4.036,(1.0264),4.036,6.1721,8.7316,29.374,43.4786,40.8463,131.5179,244.6762,First Capital Mutual Fund
Open-End Funds,Equity (Absolute Return),Golden Arrow Stock Fund,,,"Jan 15, 2026",39.5086,35.1438,3.2251,0.0299,3.2251,3.5094,4.422,23.7366,49.4763,46.6854,140.476,224.0679,
Open-End Funds,Equity (Absolute Return),HBL Energy Fund,,,"Jan 15, 2026",35.76,33.6243,3.0925,0.3133,3.0925,5.1916,10.5751,34.3104,,26.9207,107.3436,275.4628,
Open-End Funds,Equity (Absolute Return),HBL Equity Fund,,,"Jan 15, 2026",249.4266,33.7656,(0.4168),(1.1163),(0.4168),(0.2797),4.4333,27.1081,31.8001,25.4038,141.43,275.3959,
Open-End Funds,Equity (Absolute Return),HBL Growth Fund-Class A,,,"Jan 02, 2026",53.4873,26.4867,1.7825,,4.8565,5.4165,0.1933,22.0745,25.4021,13.413,138.5167,229.628,
Open-End Funds,Equity (Absolute Return),HBL Growth Fund-Class B,,,"Jan 02, 2026",45.1119,42.8505,3.1009,,4.5484,11.9485,9.0381,37.5325,48.295,34.4644,129.103,273.0878,
Open-End Funds,Equity (Absolute Return),HBL Investment Fund-Class A,,,"Jan 06, 2026",19.3046,26.8946,1.5588,(0.5364),5.5075,3.4877,1.8841,25.9237,23.9384,18.1768,142.9199,227.099,
Open-End Funds,Equity (Absolute Return),HBL Investment Fund-Class B,,,"Jan 09, 2026",21.2357,44.3859,5.825,(0.3346),8.3919,9.52,14.7708,37.2808,47.7128,48.293,129.1697,260.9945,
Open-End Funds,Equity (Absolute Return),HBL Stock Fund,,,"Jan 15, 2026",237.7132,39.4647,2.0492,(0.6402),2.0492,2.5428,6.6768,32.5092,38.6542,36.8069,117.2196,264.6423,
Open-End Funds,Equity (Absolute Return),JS Growth Fund,,,"Jan 15, 2026",595.36,51.6918,4.8815,(0.3932),4.8815,7.1871,11.8951,40.2035,58.2694,69.1122,173.166,336.2644,JS Mutual Fund
Open-End Funds,Equity (Absolute Return),JS Large Cap Fund,,,"Jan 15, 2026",480.87,49.8551,4.8538,(0.3936),4.8538,6.7651,11.6537,37.7141,56.484,66.6409,188.641,358.5278,JS Mutual Fund
Open-End Funds,Equity (Absolute Return),Lakson Equity Fund,,,"Jan 15, 2026",357.3747,45.6339,5.2866,(0.5465),5.2866,7.3253,11.5746,35.6454,51.4296,61.6417,185.3696,352.7702,Lakson Mutual Fund
Open-End Funds,Equity (Absolute Return),MCB Pakistan Stock Market Fund,,,"Jan 15, 2026",390.1152,51.0024,7.4027,(0.2462),7.4027,9.6437,15.7209,38.0419,68.5287,76.9307,216.0543,458.4784,MCB Mutual Fund
Open-End Funds,Equity (Absolute Return),National Investment Unit Trust,,,"Jan 15, 2026",172.24,27.9073,2.6766,(0.2201),2.6766,3.2428,3.3357,19.4866,33.8885,29.6219,137.2543,242.521,National Mutual Fund
Open-End Funds,Equity (Absolute Return),NBP Financial Sector Fund,,,"Jan 15, 2026",27.5599,75.3464,10.2264,(1.0228),10.2264,14.2753,14.149,44.7253,103.6673,109.6213,279.044,599.6671,NBP Mutual Fund
Open-End Funds,Equity (Absolute Return),NBP Stock Fund,,,"Jan 15, 2026",48.1566,49.1429,5.4078,(0.1754),5.4078,7.0244,14.136,35.8468,59.5429,60.1968,190.7003,396.9128,NBP Mutual Fund
Open-End Funds,Equity (Absolute Return),UBL Financial Sector Fund,,,"Jan 15, 2026",378.8161,63.9373,9.1195,(0.8487),9.1195,13.6955,13.9334,37.4205,87.983,107.4625,227.8997,541.4187,UBL Mutual Fund
Open-End Funds,Equity (Absolute Return),UBL Stock Advantage Fund,,,"Jan 15, 2026",287.49,39.3013,4.3672,(0.5466),4.3672,5.528,9.8968,28.3266,52.9809,57.8931,189.6525,395.8702,UBL Mutual Fund
Open-End Funds,Capital Protected (Absolute Return),ABL Special Saving Fund (ABL Special Saving Plan I),,,"Jan 15, 2026",10.6853,5.704,0.4371,0.0318,0.4371,0.8675,2.6633,5.1103,10.0575,13.4927,37.0856,68.5147,ABL Mutual Fund
Open-End Funds,Capital Protected (Absolute Return),ABL Special Saving Fund (ABL Special Saving Plan II),,,"Jan 15, 2026",11.1332,6.078,0.404,0.0288,0.404,0.8314,2.5289,5.4893,9.5647,12.9308,33.3182,76.7285,ABL Mutual Fund
Open-End Funds,Capital Protected (Absolute Return),ABL Special Saving Fund (ABL Special Saving Plan III),,,"Jan 15, 2026",10.7658,5.4365,0.4582,0.0353,0.4582,0.9234,2.5422,4.936,8.2052,11.1204,35.0104,64.572,ABL Mutual Fund
Open-End Funds,Capital Protected (Absolute Return),ABL Special Saving Fund (ABL Special Saving Plan IV),,,"Jan 15, 2026",10.7742,6.1947,0.4709,0.0251,0.4709,0.952,2.821,5.6729,9.3059,12.7456,35.1907,65.221,ABL Mutual Fund
Open-End Funds,Capital Protected (Absolute Return),ABL Special Saving Fund (ABL Special Saving Plan V),,,"Jan 15, 2026",10.6844,5.5604,0.4636,0.044,0.4636,0.9696,2.6675,5.09,8.3128,11.1991,34.4582,64.8947,ABL Mutual Fund
Open-End Funds,Capital Protected (Absolute Return),ABL Special Saving Fund (ABL Special Saving Plan VI),,,"Jan 15, 2026",10.6296,5.7072,0.5154,0.0424,0.5154,1.0015,2.7233,5.4252,10.1458,13.3738,37.5262,69.4491,ABL Mutual Fund
Open-End Funds,Capital Protected (Absolute Return),Alfalah Special Savings Fund - I (Formerly: Faysal Special Savings Plan I),,,"Jan 15, 2026",144.6221,7.0165,1.1373,0.2097,1.1373,2.1861,4.3826,6.2148,11.6828,14.3816,23.2251,45.4244,Alfalah Mutual Fund
Open-End Funds,Capital Protected (Absolute Return),Alfalah Special Savings Fund - II (Formerly: Faysal Special Savings Plan II),,,"Jan 15, 2026",112.6472,5.4157,0.4431,0.0225,0.4431,0.8685,2.6679,4.8857,10.0596,20.9442,57.5417,91.791,Alfalah Mutual Fund
Open-End Funds,Capital Protected - Income (Annualized Return),UBL Special Savings Plan V,,,"Jan 15, 2026",107.1237,9.0742,7.6285,7.592,7.6285,8.1857,8.9356,9.0104,9.4248,9.4982,,,UBL Mutual Fund
Open-End Funds,Capital Protected - Income (Annualized Return),UBL Special Savings Plan X,,,"Jan 15, 2026",108.2325,11.1206,11.8893,4.4895,11.8893,15.358,12.7004,10.8869,12.5784,12.6763,6.1049,,UBL Mutual Fund
Open-End Funds,Fixed Rate / Return (Annualized Return),ABL Fixed Rate Plan XIX,,Average three (3) months PKRV Rates,"Jan 15, 2026",10.5906,10.8326,11.5194,10.3295,11.5194,12.0316,11.5514,10.6994,,,,,ABL Mutual Fund
Open-End Funds,Fixed Rate / Return (Annualized Return),ABL Fixed Rate Plan XVIII,,,"Jan 07, 2026",10.499,10.4675,10.1001,10.074,10.1932,10.5911,10.6641,,,,,,ABL Mutual Fund
Open-End Funds,Fixed Rate / Return (Annualized Return),ABL Fixed Rate Plan XX,,,"Jan 15, 2026",10.2751,10.9143,10.2249,9.2345,10.2249,10.6179,10.8652,,,,,,ABL Mutual Fund
Open-End Funds,Fixed Rate / Return (Annualized Return),ABL Fixed Rate Plan XXI,,,"Jan 15, 2026",10.1896,10.8131,10.6483,10.7675,10.6483,10.6836,,,,,,,ABL Mutual Fund
Open-End Funds,Fixed Rate / Return (Annualized Return),ABL Fixed Rate Plan XXII,,,"Jan 15, 2026",10.1558,13.2249,12.0645,14.381,12.0645,12.3553,,,,,,,ABL Mutual Fund
Open-End Funds,Fixed Rate / Return (Annualized Return),ABL Fixed Rate Plan XXIII,,,"Jan 15, 2026",10.1335,13.5354,12.0182,14.0525,12.0182,12.3224,,,,,,,ABL Mutual Fund
Open-End Funds,Fixed Rate / Return (Annualized Return),Al Ameen Islamic Fixed Return Plan I (P),,,"Jan 15, 2026",100,15.4887,5.2122,5.2195,5.2122,5.0443,26.9532,16.4838,12.8453,12.5629,,,
Open-End Funds,Fixed Rate / Return (Annualized Return),AL Habib Fixed Return Fund Plan 19,,,"Jan 15, 2026",107.7381,13.8962,25.2385,89.0235,25.2385,26.6645,18.716,13.2313,15.4491,,,,AL Habib Mutual Fund
Open-End Funds,Fixed Rate / Return (Annualized Return),AL Habib Fixed Return Fund Plan 20,,,"Jan 15, 2026",106.0363,10.9085,11.4805,10.074,11.4805,11.0218,11.2886,10.7687,11.8836,,,,AL Habib Mutual Fund
Open-End Funds,Fixed Rate / Return (Annualized Return),AL Habib Fixed Return Fund Plan 22,,,"Jan 15, 2026",105.9196,10.8576,12.6704,11.972,12.6704,12.1594,11.8613,10.7344,,,,,AL Habib Mutual Fund
Open-End Funds,Fixed Rate / Return (Annualized Return),AL Habib Fixed Return Fund Plan 23,,,"Jan 15, 2026",104.5838,11.4595,14.2253,19.3815,14.2253,14.2837,12.865,,,,,,AL Habib Mutual Fund
Open-End Funds,Fixed Rate / Return (Annualized Return),AL Habib Fixed Return Fund Plan 24,,,"Jan 15, 2026",104.4811,11.2028,13.4904,14.6,13.4904,13.0439,12.1922,,,,,,AL Habib Mutual Fund
Open-End Funds,Fixed Rate / Return (Annualized Return),AL Habib Fixed Return Fund Plan 25,,,"Jan 09, 2026",100,10.6376,8.76,,9.8039,10.31,10.6888,,,,,,AL Habib Mutual Fund
Open-End Funds,Fixed Rate / Return (Annualized Return),AL Habib Fixed Return Fund Plan 26,,,"Jan 15, 2026",100,10.5936,9.9937,,9.9937,10.63,,,,,,,AL Habib Mutual Fund
Open-End Funds,Fixed Rate / Return (Annualized Return),Alfalah Stable Return Fund Plan XVIII,,,"Jan 08, 2026",105.7686,10.4169,9.7409,7.811,9.7601,10.3259,10.5542,10.3473,11.4058,,,,Alfalah Mutual Fund
Open-End Funds,Fixed Rate / Return (Annualized Return),Alfalah Stable Return Fund Plan XX,,,"Jan 15, 2026",106.1981,11.191,15.5612,72.7445,15.5612,18.2415,14.3295,10.8032,,,,,Alfalah Mutual Fund
Open-End Funds,Fixed Rate / Return (Annualized Return),Alfalah Stable Return Fund Plan XXI,,,"Jan 15, 2026",105.6972,10.0214,12.3054,13.651,12.3054,11.6435,10.6608,9.5048,,,,,Alfalah Mutual Fund
Open-End Funds,Fixed Rate / Return (Annualized Return),Alfalah Stable Return Fund Plan XXII,,,"Jan 15, 2026",104.0689,11.6027,14.1961,20.367,14.1961,14.527,12.8573,,,,,,Alfalah Mutual Fund
Open-End Funds,Fixed Rate / Return (Annualized Return),Alfalah Stable Return Fund Plan XXIII,,,"Jan 15, 2026",103.2998,12.8131,14.364,23.214,14.364,15.1463,13.0796,,,,,,Alfalah Mutual Fund
Open-End Funds,Fixed Rate / Return (Annualized Return),Alfalah Stable Return Fund Plan XXIV,,,"Jan 15, 2026",102.789,11.9763,13.1911,14.3445,13.1911,12.5536,,,,,,,Alfalah Mutual Fund
Open-End Funds,Fixed Rate / Return (Annualized Return),Alfalah Stable Return Fund Plan XXV,,,"Jan 15, 2026",101.9536,10.9702,10.4682,9.636,10.4682,10.4597,,,,,,,Alfalah Mutual Fund
Open-End Funds,Fixed Rate / Return (Annualized Return),Alfalah Stable Return Fund Plan XXVI,,,"Jan 15, 2026",102.574,16.1984,15.0161,25.696,15.0161,16.1075,,,,,,,Alfalah Mutual Fund
Open-End Funds,Fixed Rate / Return (Annualized Return),HBL Mehfooz Munafa Fund Plan IV,,,"Sep 16, 2025",100,,,,,,,,,,,,
Open-End Funds,Fixed Rate / Return (Annualized Return),HBL Mehfooz Munafa Fund Plan X,,,"Jul 29, 2025",100,,,,,,,,,,,,
Open-End Funds,Fixed Rate / Return (Annualized Return),HBL Mehfooz Munafa Fund Plan XII,,,"Oct 17, 2025",100.0289,10.5485,10.5485,10.5485,,,,,,,,,
Open-End Funds,Fixed Rate / Return (Annualized Return),HBL Mehfooz Munafa Fund Plan XIII,,,"Nov 12, 2025",100,,,,,,,,,,,,
Open-End Funds,Fixed Rate / Return (Annualized Return),JS Fixed Term Munafa Fund (JS Fixed Term Munafa Plan I),,,"Jan 15, 2026",116.5948,20.3487,46.3501,136.072,46.3501,41.6307,12.7138,9.2688,13.1336,12.1173,20.4986,,JS Mutual Fund
Open-End Funds,Fixed Rate / Return (Annualized Return),JS Fixed Term Munafa Fund (JS Fixed Term Munafa Plan XIII),AAA(f),,"Jan 13, 2026",111.2252,11.5223,11.9243,89.79,13.2154,29.784,16.1703,11.3568,12.8399,12.291,,,JS Mutual Fund
Open-End Funds,Fixed Rate / Return (Annualized Return),JS Fixed Term Munafa Fund (JS Fixed Term Munafa Plan XIV),AAA(f),,"Jan 15, 2026",109.4643,13.0778,27.8057,76.1755,27.8057,26.5988,18.134,12.8419,13.9672,,,,JS Mutual Fund
Open-End Funds,Fixed Rate / Return (Annualized Return),JS Fixed Term Munafa Fund (JS Fixed Term Munafa Plan XV),AAA(f),,"Jan 15, 2026",106.8146,9.5525,10.6483,8.8695,10.6483,10.2723,10.2723,9.4951,10.7183,,,,JS Mutual Fund
Open-End Funds,Fixed Rate / Return (Annualized Return),JS Fixed Term Munafa Fund (JS Fixed Term Munafa Plan XVI),,,"Jan 15, 2026",106.9247,9.5637,10.8843,9.563,10.8843,10.4962,10.4078,9.4819,10.7246,,,,JS Mutual Fund
Open-End Funds,Fixed Rate / Return (Annualized Return),JS Fixed Term Munafa Fund (JS Fixed Term Munafa Plan XVIII),,,"Jan 13, 2026",106.3109,13.7933,28.2903,(7.7380),29.4458,28.9445,21.4892,,,,,,JS Mutual Fund
Open-End Funds,Fixed Rate / Return (Annualized Return),JS Fixed Term Munafa Fund II (JS Fixed Term Munafa Plan I),,,"Jan 15, 2026",107.2396,10.1776,14.9431,24.966,14.9431,14.0002,12.2502,9.9682,,,,,JS Mutual Fund
Open-End Funds,Fixed Rate / Return (Annualized Return),JS Fixed Term Munafa Fund II (JS Fixed Term Munafa Plan IV),,,"Jan 15, 2026",104.8981,16.7085,41.8095,148.044,41.8095,38.9759,17.0135,,,,,,JS Mutual Fund
Open-End Funds,Fixed Rate / Return (Annualized Return),JS Fixed Term Munafa Fund II (JS Fixed Term Munafa Plan V),,,"Jan 15, 2026",101.4292,9.8426,9.7455,9.344,9.7455,9.3428,,,,,,,JS Mutual Fund
Open-End Funds,Fixed Rate / Return (Annualized Return),JS Fixed Term Munafa Fund II (JS Fixed Term Munafa Plan VI),,,"Jan 15, 2026",103.7731,20.8664,41.9993,126.8375,41.9993,35.2286,,,,,,,JS Mutual Fund
Open-End Funds,Fixed Rate / Return (Annualized Return),MCB DCF Fixed Return III (Plan IV),,,"Jan 15, 2026",106.7279,11.0667,16.5905,21.7905,16.5905,14.6256,12.9664,10.7849,12.7824,12.4519,,,MCB Mutual Fund
Open-End Funds,Fixed Rate / Return (Annualized Return),MCB Pakistan Fixed Return Plan 25,,,"Jan 15, 2026",103.4457,11.2293,13.3493,14.4905,13.3493,12.4185,12.0657,,,,,,MCB Mutual Fund
Open-End Funds,Fixed Rate / Return (Annualized Return),MCB Pakistan Fixed Return Plan 27,,,"Jan 15, 2026",101.8916,10.9593,10.4244,9.49,10.4244,10.0533,,,,,,,MCB Mutual Fund
Open-End Funds,Fixed Rate / Return (Annualized Return),NBP Fixed Term Munafa Plan XIIA (NBP Mustahkam Fund II),,,"Jan 15, 2026",10.0795,6.7483,,,,9.6725,,,,,,,NBP Mutual Fund
Open-End Funds,Fixed Rate / Return (Annualized Return),NBP Fixed Term Munafa Plan XIII (NBP Mustahkam Fund II),,,"Jan 15, 2026",10.2898,10.473,,,,16.6489,11.753,,,,,,NBP Mutual Fund
Open-End Funds,Fixed Rate / Return (Annualized Return),NBP Fixed Term Munafa Plan XIVA (NBP Mustahkam Fund II),,,"Jan 15, 2026",10.1656,8.6349,,,,11.124,,,,,,,NBP Mutual Fund
Open-End Funds,Fixed Rate / Return (Annualized Return),NBP Fixed Term Munafa Plan XIX,,,"Jan 15, 2026",10.5702,9.9885,,,,13.7471,11.7449,11.0429,12.7976,12.8188,,,NBP Mutual Fund
Open-End Funds,Fixed Rate / Return (Annualized Return),NBP Fixed Term Munafa Plan XVIA (NBP Mustahkam Fund II),,,"Jan 15, 2026",10.1105,8.2311,,,,11.6508,,,,,,,NBP Mutual Fund
Open-End Funds,Fixed Rate / Return (Annualized Return),NBP Fixed Term Munafa Plan XVIIA (NBP Mustahkam Fund II),,,"Jan 15, 2026",10.0676,6.8539,,,,8.2247,,,,,,,NBP Mutual Fund
Open-End Funds,Fixed Rate / Return (Annualized Return),NBP Fixed Term Munafa Plan XVIIIA (NBP Mustahkam Fund II),,,"Jan 15, 2026",10.2152,9.1335,,,,11.4817,,,,,,,NBP Mutual Fund
Open-End Funds,Fixed Rate / Return (Annualized Return),UBL Fixed Return Plan I (U),,,"Jan 15, 2026",106.1622,9.2547,10.0643,9.9645,10.0643,10.2516,9.2966,9.1205,(97.1679),(71.1891),,,UBL Mutual Fund
Open-End Funds,Fixed Rate / Return (Annualized Return),UBL Fixed Return Plan II (AB),,,"Jan 15, 2026",100,,(123.1072),(1986.3300),(123.1072),(56.3949),(11.9164),(1.1005),,,,,UBL Mutual Fund
Open-End Funds,Fixed Rate / Return (Annualized Return),UBL Fixed Return Plan II (M),,,"Jan 15, 2026",107.2305,15.3791,13.8043,16.936,13.8043,13.4284,12.4822,11.036,12.2417,11.6764,,,UBL Mutual Fund
Open-End Funds,Fixed Rate / Return (Annualized Return),UBL Fixed Return Plan III (X),,,"Jan 15, 2026",106.0585,10.8042,9.9888,9.928,9.9888,10.1726,10.5335,10.7815,8.9618,,,,UBL Mutual Fund
Open-End Funds,Fixed Rate / Return (Annualized Return),UBL Fixed Return Plan III (Y),,,"Jan 15, 2026",100,1.7593,(33.0203),(644.0790),(33.0203),(10.9975),(8.9384),0.8129,,,,,UBL Mutual Fund
Open-End Funds,Fixed Rate / Return (Annualized Return),UBL Fixed Return Plan III (Z),,,"Jan 15, 2026",105.1379,10.5356,13.6413,15.695,13.6413,13.1035,12.3374,10.4185,,,,,UBL Mutual Fund
Open-End Funds,Fixed Rate / Return (Annualized Return),UBL Fixed Return Plan IV (G),,,"Jan 15, 2026",105.4249,9.7888,9.3732,9.0885,9.3732,9.4426,9.6843,9.8065,(5.2194),(1.2634),,,UBL Mutual Fund
Open-End Funds,Fixed Rate / Return (Annualized Return),UBL Fixed Return Plan IV (K),,,"Jan 15, 2026",100.1729,0.1869,(112.9797),8.76,(112.9797),(52.0247),(10.8437),(0.8861),(1.6238),,,,UBL Mutual Fund
Open-End Funds,Fixed Rate / Return (Annualized Return),UBL Fixed Return Plan IV (M),,,"Jan 15, 2026",105.7543,10.4005,9.8769,9.8915,9.8769,9.8781,10.4646,10.2851,6.2988,,,,UBL Mutual Fund
Open-End Funds,Fixed Rate / Return (Annualized Return),UBL Fixed Return Plan IV (O),,,"Jan 15, 2026",105.6038,10.081,9.2029,9.1615,9.2029,9.3927,9.7337,10.0324,6.2653,,,,UBL Mutual Fund
Open-End Funds,Aggressive Fixed Income (Annualized Return),AKD Aggressive Income Fund,A+(f),,"Jan 15, 2026",59.1829,19.8393,12.7799,(2.2265),12.7799,12.8298,11.1617,20.7981,38.0895,31.8074,29.1522,24.1772,AKD Mutual Fund
Open-End Funds,Aggressive Fixed Income (Annualized Return),Alfalah GHP Income Multiplier Fund,A+(f),23,"Jan 15, 2026",61.4369,23.0689,11.2177,13.359,11.2177,10.9001,10.1239,24.2762,21.5539,18.0701,20.5568,25.0749,Alfalah GHP Mutual Fund
Open-End Funds,Aggressive Fixed Income (Annualized Return),Alfalah Income & Growth Fund  (Formerly: Faysal Income & Growth Fund),A(f),,"Jan 15, 2026",122.6746,9.9537,9.8915,10.22,9.8915,9.7102,9.9742,9.944,2.7028,(0.5477),11.7054,17.1842,Alfalah Mutual Fund
Open-End Funds,Aggressive Fixed Income (Annualized Return),Askari High Yield Scheme,A(f),,"Jan 15, 2026",108.2902,6.4385,6.1831,7.811,6.1831,6.1673,6.1555,6.3461,7.6542,7.6606,11.92,16.0954,Askari Mutual Fund
Open-End Funds,Aggressive Fixed Income (Annualized Return),MCB Investment Savings Plan I,AA+(f),,"Jan 15, 2026",107.0664,12.4691,10.5096,10.1105,10.5096,10.7748,10.6235,12.7042,11.9954,11.6552,,,MCB Mutual Fund
Open-End Funds,Aggressive Fixed Income (Annualized Return),Pakistan Income Enhancement Fund,A+(f),,"Jan 15, 2026",58.2077,10.6503,15.8507,17.009,15.8507,16.032,12.0835,10.0249,12.1614,11.4476,17.0153,20.6165,
Open-End Funds,Aggressive Fixed Income (Annualized Return),UBL Growth & Income Fund,A+(f),,"Jan 15, 2026",90.8526,11.0914,17.6976,46.939,17.6976,16.4493,12.8119,11.112,12.1773,11.9918,27.861,33.5755,UBL Mutual Fund
Open-End Funds,Balanced (Absolute Return),HBL Multi Asset Fund,,,"Jan 09, 2026",230.8969,24.3554,2.0583,(0.5830),3.3773,2.9653,8.3034,21.7792,27.0111,34.6647,102.6642,191.4881,
Open-End Funds,Balanced (Absolute Return),NBP Balanced Fund,,,"Jan 15, 2026",45.4084,35.7371,4.0277,0.0055,4.0277,5.6801,11.6997,26.7149,42.1287,42.9892,127.5479,226.6473,NBP Mutual Fund
Open-End Funds,Balanced (Absolute Return),Pakistan Capital Market Fund,,,"Jan 15, 2026",32.74,37.563,5.1043,(0.1525),5.1043,6.6797,10.7203,27.393,47.7202,54.9536,138.0075,271.0592,
Open-End Funds,Balanced (Absolute Return),Unit Trust of Pakistan,,,"Jan 15, 2026",464.72,41.364,3.8805,(0.3239),3.8805,5.7167,9.671,33.5057,46.2889,56.4195,139.5382,247.1022,Unit Mutual Fund
Open-End Funds,Asset Allocation (Absolute Return),ABL Optimal Asset Allocation Fund,,,"Jan 15, 2026",10.7536,7.536,1.7158,(0.1365),1.7158,2.9151,5.9207,,,,,,ABL Mutual Fund
Open-End Funds,Asset Allocation (Absolute Return),AL Habib Asset Allocation Fund,,,"Jan 15, 2026",138.0124,37.645,5.5756,(0.4557),5.5756,8.0344,12.9002,28.62,40.581,48.9594,203.6992,346.9483,AL Habib Mutual Fund
Open-End Funds,Asset Allocation (Absolute Return),Alfalah Asset Allocation Fund (Formerly: Faysal Asset Allocation Fund),,,"Jan 15, 2026",81.5515,31.5984,3.5998,(0.5422),3.5998,4.078,7.7726,22.9852,35.7443,47.2546,150.2625,251.8819,Alfalah Mutual Fund
Open-End Funds,Asset Allocation (Absolute Return),Alfalah Financial Value Fund (Alfalah Financial Value Plan I),,,"Jan 15, 2026",146.4395,46.8006,0.7268,0.1433,0.7268,1.5017,3.6941,6.423,10.1093,14.1372,39.1201,,Alfalah Mutual Fund
Open-End Funds,Asset Allocation (Absolute Return),Alfalah Financial Value Fund - II (Formerly Faysal Financial Value Fund),,,"Jan 15, 2026",117.2286,14.1022,6.2518,(1.0161),6.2518,9.4045,11.5082,13.6487,15.2268,,,,Alfalah Mutual Fund
Open-End Funds,Asset Allocation (Absolute Return),Alfalah GHP Value Fund,,,"Jan 15, 2026",95.5329,35.9754,3.2717,(0.6832),3.2717,5.8324,10.2516,27.3482,42.3228,51.6607,127.9709,243.5111,Alfalah GHP Mutual Fund
Open-End Funds,Asset Allocation (Absolute Return),Allied Finergy Fund,,,"Jan 15, 2026",17.5227,35.9624,4.0052,(0.2516),4.0052,6.5003,9.3078,29.2864,41.3187,41.4335,147.0623,300.4085,Allied Mutual Fund
Open-End Funds,Asset Allocation (Absolute Return),Lakson Asset Allocation Developed Markets Fund,,,"Jan 15, 2026",194.5745,4.6151,1.4449,0.2158,1.4449,1.7595,2.7161,4.2768,6.8763,9.6596,22.1662,47.0283,Lakson Mutual Fund
Open-End Funds,Asset Allocation (Absolute Return),Lakson Tactical Fund,,,"Jan 15, 2026",114.3932,24.7505,4.1725,(0.3885),4.1725,5.8238,9.1361,22.8216,38.0404,41.9942,95.2687,149.7601,Lakson Mutual Fund
Open-End Funds,Asset Allocation (Absolute Return),MCB Pakistan Asset Allocation Fund,,,"Jan 15, 2026",258.9745,41.9642,6.8499,(0.0960),6.8499,8.7172,11.8817,33.0662,52.8182,60.4399,174.5555,347.0953,MCB Mutual Fund
Open-End Funds,Asset Allocation (Absolute Return),MCB Pakistan Opportunity Fund (MCB Pakistan  Dividend Yield Plan),,,"Jan 15, 2026",384.7192,53.0402,7.3913,(0.3274),7.3913,10.28,20.0612,40.5333,64.3755,74.6835,202.9647,404.7224,MCB Mutual Fund
Open-End Funds,Asset Allocation (Absolute Return),NBP Sarmaya Izafa Fund,,,"Jan 15, 2026",43.8756,47.3557,5.2733,(0.1136),5.2733,7.1067,13.6571,35.3187,56.4268,58.9659,172.8356,326.404,NBP Mutual Fund
Open-End Funds,Asset Allocation (Absolute Return),NIT Asset Allocation Fund,,,"Jan 15, 2026",21.1293,26.8334,2.3875,(2.7075),2.3875,3.8596,8.0197,20.6237,32.6087,34.3399,101.3004,181.5295,NIT Mutual Fund
Open-End Funds,Asset Allocation (Absolute Return),Pak Oman Advantage Asset Allocation Fund,,,"Jan 15, 2026",51.4079,25.9513,2.1185,(0.1146),2.1185,4.7572,9.049,25.1748,27.7145,30.4761,85.4428,157.1222,Pak Oman Mutual Fund
Open-End Funds,Asset Allocation (Absolute Return),UBL Asset Allocation Fund,,,"Jan 15, 2026",354.4884,30.5391,3.6416,(0.4080),3.6416,4.5722,8.0094,23.0435,47.8618,60.6308,134.6419,222.3388,UBL Mutual Fund
Open-End Funds,Fund of Funds (Absolute Return),ABL Financial Planning Fund (Conservative Plan),,,"Jan 15, 2026",119.7063,8.9172,0.8372,(0.0125),0.8372,1.5229,3.3574,7.5853,12.3661,15.6202,49.5082,88.6148,ABL Mutual Fund
Open-End Funds,Fund of Funds (Absolute Return),ABL Financial Planning Fund (Strategic Allocation Plan),,,"Jan 15, 2026",106.3505,35.4963,3.474,(0.3998),3.474,5.8313,9.6594,27.9666,41.5603,45.6059,148.7541,259.9168,ABL Mutual Fund
Open-End Funds,Fund of Funds (Absolute Return),Alfalah GHP Prosperity Planning Fund (Alfalah GHP Active Allocation Plan),,,"Jan 15, 2026",127.9308,36.2295,0.7409,(2.7065),0.7409,2.7356,6.5109,25.6068,40.6898,49.5994,165.1787,278.8843,Alfalah GHP Mutual Fund
Open-End Funds,Fund of Funds (Absolute Return),Alfalah GHP Prosperity Planning Fund (Alfalah GHP Conservative Allocation Plan),,,"Jan 15, 2026",121.8427,12.1558,1.2539,(0.0263),1.2539,2.0026,3.9389,9.8004,14.9786,18.677,61.0731,102.9342,Alfalah GHP Mutual Fund
Open-End Funds,Fund of Funds (Absolute Return),Alfalah GHP Prosperity Planning Fund (Alfalah GHP Moderate Allocation Plan),,,"Jan 15, 2026",116.0101,16.9651,0.6637,(0.0827),0.6637,1.4099,4.3135,12.6535,20.3033,24.4786,78.9653,140.7791,Alfalah GHP Mutual Fund
Open-End Funds,Fund of Funds (Absolute Return),Alfalah GHP Prosperity Planning Fund (Capital Preservation Plan IV),,,"Jan 15, 2026",118.3791,58.1096,2.1767,(0.0847),2.1767,3.4814,5.9656,12.8851,21.6653,26.5689,,,Alfalah GHP Mutual Fund
Open-End Funds,Fund of Funds (Absolute Return),Alfalah Strategic Allocation Fund Plan - I,,,"Jan 15, 2026",134.9425,34.8697,3.3744,(0.6592),3.3744,5.7821,11.7421,31.4161,36.2554,42.1785,,,Alfalah Mutual Fund
Open-End Funds,Fund of Funds (Absolute Return),JS Fund of Funds,,,"Jan 15, 2026",141.43,6.0115,0.4474,0.0283,0.4474,0.9205,2.6939,5.4975,8.2548,10.5987,61.8859,143.366,JS Mutual Fund
Open-End Funds,Index Tracker (Absolute Return),AKD Index Tracker Fund,,,"Jan 15, 2026",43.9436,43.0316,4.1342,(0.5985),4.1342,6.2787,10.3858,29.8796,52.2135,55.8189,171.5253,325.6187,AKD Mutual Fund
Open-End Funds,Shariah Compliant Money Market (Annualized Return),ABL Islamic Cash Fund,AA+(f),,"Jan 16, 2026",10.1272,10.1496,10.1567,10.804,10.1567,9.6871,9.8607,10.177,10.446,10.5395,15.8362,19.5996,ABL Mutual Fund
Open-End Funds,Shariah Compliant Money Market (Annualized Return),ABL Islamic Money Market Plan I,AA+(f),,"Jan 16, 2026",10.5646,10.0656,10.0132,10.0375,10.0132,9.6457,9.7934,10.0103,10.4736,10.5536,15.4439,,ABL Mutual Fund
Open-End Funds,Shariah Compliant Money Market (Annualized Return),AKD Islamic Cash Fund (Formerly AKD Islamic Daily Dividend Fund),AA(f),,"Jan 16, 2026",51.9076,8.8224,10.4414,12.3735,10.4414,10.3587,10.2906,10.393,11.2466,10.5906,20.3165,,AKD Mutual Fund
Open-End Funds,Shariah Compliant Money Market (Annualized Return),Al Ameen Islamic Cash Fund,AA+(f),,"Jan 16, 2026",106.7662,10.0124,9.7942,9.782,9.7942,10.1494,10.0631,10.0539,10.2066,10.1992,15.4388,19.169,
Open-End Funds,Shariah Compliant Money Market (Annualized Return),Al Ameen Islamic Cash Plan I,AA+(f),,"Jan 16, 2026",106.0759,10.2046,9.9304,9.8915,9.9304,10.2066,10.3498,10.1549,10.5462,10.5369,15.8631,19.6582,
Open-End Funds,Shariah Compliant Money Market (Annualized Return),AL Habib Islamic Cash Fund,AA+(f),,"Jan 16, 2026",105.7066,9.9718,10.0886,10.3295,10.0886,9.6701,9.6607,9.9704,10.152,10.3752,15.1583,18.9424,AL Habib Mutual Fund
Open-End Funds,Shariah Compliant Money Market (Annualized Return),Alfalah Islamic Money Market Fund,AA(f),,"Jan 15, 2026",105.8258,10.0475,9.6516,10.439,9.6044,9.7905,9.9613,10.057,10.3396,10.4406,15.7602,,Alfalah Mutual Fund
Open-End Funds,Shariah Compliant Money Market (Annualized Return),Alfalah Islamic Rozana Amdani Fund,AA(f),,"Jan 15, 2026",100,9.1215,8.7284,10.5485,8.7284,9.2345,8.859,9.0784,9.6286,9.7807,11.5113,13.8747,Alfalah Mutual Fund
Open-End Funds,Shariah Compliant Money Market (Annualized Return),Alhamra Cash Management Optimizer,AA(f),,"Jan 16, 2026",105.8853,10.0973,9.5216,9.125,9.5216,9.9596,10.0509,10.1071,10.3041,10.4614,15.8716,,Alhamra Mutual Fund
Open-End Funds,Shariah Compliant Money Market (Annualized Return),Alhamra Islamic Money Market Fund,AA+(f),,"Jan 16, 2026",99.51,9.7011,8.9887,9.8185,8.9887,9.4146,9.3513,9.6392,9.7187,9.7831,15.4297,19.2203,Alhamra Mutual Fund
Open-End Funds,Shariah Compliant Money Market (Annualized Return),Atlas Islamic Cash Fund,AA(f),,"Jan 15, 2026",528.9587,10.019,9.6822,11.1325,9.6822,9.8307,9.8485,9.9347,10.2725,10.522,,,Atlas Mutual Fund
Open-End Funds,Shariah Compliant Money Market (Annualized Return),Atlas Islamic Money Market Fund,AA(f),,"Jan 15, 2026",533.6984,10.3821,10.1446,11.023,10.1446,10.3709,10.4252,10.4011,10.4463,10.493,15.8757,19.6835,Atlas Mutual Fund
Open-End Funds,Shariah Compliant Money Market (Annualized Return),AWT Islamic Money Market Fund (Formerly: AWT Money Market Fund),AA+(f),,"Jan 15, 2026",124.4647,10.298,10.585,10.804,10.585,10.2772,10.2727,10.2711,10.5555,,,,AWT Mutual Fund
Open-End Funds,Shariah Compliant Money Market (Annualized Return),Faysal Halal Amdani Fund,AA(f),,"Jan 16, 2026",107.0425,9.0388,8.8306,8.687,8.8306,8.7503,8.8229,8.9526,9.2135,9.42,14.8034,18.7487,Faysal Mutual Fund
Open-End Funds,Shariah Compliant Money Market (Annualized Return),Faysal Islamic Cash Fund,AA(f),,"Jan 16, 2026",105.1789,9.0098,8.9814,8.8695,8.9814,8.8768,8.818,8.9435,9.1729,9.5649,15.5267,19.4974,Faysal Mutual Fund
Open-End Funds,Shariah Compliant Money Market (Annualized Return),HBL Islamic Money Market Fund,AA+(f),,"Jan 15, 2026",106.9479,9.7903,9.2606,8.7235,9.3464,9.4499,9.5715,9.781,10.402,10.4486,15.433,19.4053,
Open-End Funds,Shariah Compliant Money Market (Annualized Return),HBL Islamic Savings Plan I,,,"Jan 15, 2026",105.9044,9.6439,9.4024,10.1835,9.4024,9.7492,9.1806,9.3803,10.4051,10.0641,,,
Open-End Funds,Shariah Compliant Money Market (Annualized Return),JS Islamic Money Market Fund (Formerly: JS Islamic Daily Dividend Fund),AA(f),,"Jan 16, 2026",109.3498,9.95,9.2491,9.2345,9.2491,9.327,9.5472,9.9154,10.1578,10.5075,15.664,19.402,JS Mutual Fund
Open-End Funds,Shariah Compliant Money Market (Annualized Return),Lakson Islamic Money Market Fund,AA(f),,"Jan 16, 2026",106.6745,10.072,9.8428,9.709,9.8428,10.0059,10.1239,10.1109,10.4675,10.775,15.3443,19.1568,Lakson Mutual Fund
Open-End Funds,Shariah Compliant Money Market (Annualized Return),Lucky Islamic Money Market Fund,AA+(f),,"Jan 16, 2026",105.7039,10.1314,9.6336,9.8185,9.6336,9.8879,9.9836,10.0738,10.4241,,,,Lucky Mutual Fund
Open-End Funds,Shariah Compliant Money Market (Annualized Return),Mahaana Islamic Cash Fund,AA+(f),,"Jan 16, 2026",112.6011,10.0384,9.4803,10.95,9.4803,9.6981,9.8226,10.0257,10.285,10.3536,15.8362,,Mahaana Mutual Fund
Open-End Funds,Shariah Compliant Money Market (Annualized Return),Meezan Cash Fund,AA+(f),,"Jan 15, 2026",54.055,9.3706,9.1226,9.125,9.1226,9.2686,9.327,9.341,9.6284,9.8023,15.0155,18.6403,Meezan Mutual Fund
Open-End Funds,Shariah Compliant Money Market (Annualized Return),Meezan Rozana Amdani Fund,AA+(f),,"Jan 15, 2026",50,9.2327,8.9644,9.125,8.9644,8.9839,9.1287,9.1757,9.4708,9.6386,15.1291,18.8975,Meezan Mutual Fund
Open-End Funds,Shariah Compliant Money Market (Annualized Return),NBP Islamic Daily Dividend Fund,AA+(f),,"Jan 16, 2026",9.9989,10.3504,9.5557,(4.0150),9.5557,10.5071,10.3068,10.2032,10.4709,10.444,15.7935,19.485,NBP Mutual Fund
Open-End Funds,Shariah Compliant Money Market (Annualized Return),NBP Islamic Money Market Fund,AA(f),,"Jan 16, 2026",10.7194,9.8704,9.3197,3.066,9.3197,9.782,9.7755,9.8234,10.0563,10.3259,15.6456,19.2549,NBP Mutual Fund
Open-End Funds,Shariah Compliant Money Market (Annualized Return),NIT Islamic Money Market Fund,AAA(f),,"Jan 16, 2026",106.8187,10.0069,9.7236,9.4535,9.7236,9.8708,9.9158,9.9732,10.2702,10.6732,15.5338,19.2599,NIT Mutual Fund
Open-End Funds,Shariah Compliant Money Market (Annualized Return),Pak Oman Daily Dividend Fund,AA(f),,"Jan 16, 2026",10,5.776,3.9931,5.475,3.9931,4.717,5.3099,5.6362,5.8895,6.3334,10.9757,14.0335,Pak Oman Mutual Fund
Open-End Funds,Shariah Compliant Money Market (Annualized Return),Pak Qatar Asan Munafa Plan,AA(f),,"Jan 16, 2026",117.9195,9.9503,9.7592,9.3075,9.7674,9.9219,9.8696,9.9982,9.611,9.8121,14.6989,18.3782,
Open-End Funds,Shariah Compliant Money Market (Annualized Return),Pak Qatar Cash Plan,AA(f),,"Jan 16, 2026",119.3368,10.1749,10.0786,9.7455,9.9888,10.2188,10.1689,10.1519,10.5274,10.6742,15.9321,19.8048,
Open-End Funds,Shariah Compliant Money Market (Annualized Return),Pak Qatar Daily Dividend Plan,AA(f),,"Jan 16, 2026",100,10.1036,9.6657,9.563,9.6847,10.4183,10.3332,10.092,9.9722,10.2044,15.4824,19.399,
Open-End Funds,Shariah Compliant Money Market (Annualized Return),786 Islamic Money Market Fund,,,"Jan 15, 2026",105.5103,9.3352,8.9182,(352.5170),8.9182,8.8732,9.1749,9.2901,9.4229,8.8351,,,
Open-End Funds,Shariah Compliant Income (Annualized Return),ABL Islamic Income Fund,A+(f),,"Jan 15, 2026",10.8113,9.1666,12.6923,25.331,12.6923,12.9198,9.6668,9.1647,10.1081,9.4267,16.0112,18.0244,ABL Mutual Fund
Open-End Funds,Shariah Compliant Income (Annualized Return),ABL Islamic Sovereign Plan I,AA+(f),,"Jan 15, 2026",10.5488,9.8051,12.2178,18.688,12.2178,10.8332,9.752,9.4539,10.4171,8.8769,,,ABL Mutual Fund
Open-End Funds,Shariah Compliant Income (Annualized Return),AKD Islamic Income Fund,AA-(f),,"Jan 15, 2026",54.4437,10.1041,12.904,8.249,12.904,12.1107,9.9949,9.9771,11.5374,11.3055,16.2643,19.8437,AKD Mutual Fund
Open-End Funds,Shariah Compliant Income (Annualized Return),Al Ameen Islamic Income Fund,AA(f),,"Jan 15, 2026",104.9748,8.7031,11.7165,26.2435,11.7165,10.4865,9.3996,8.6779,9.9921,9.5697,15.9623,,
Open-End Funds,Shariah Compliant Income (Annualized Return),Al Ameen Islamic Sovereign Fund,AA(f),,"Jan 15, 2026",107.7301,10.4797,18.6442,19.6005,18.6442,17.6052,11.7092,10.3307,12.5556,10.2779,15.7336,18.7831,
Open-End Funds,Shariah Compliant Income (Annualized Return),AL Habib Islamic Income Fund,AA(f),,"Jan 15, 2026",107.596,10.3988,16.206,12.3005,16.206,14.7411,11.1848,10.4177,11.5597,10.3482,15.5999,19.3845,AL Habib Mutual Fund
Open-End Funds,Shariah Compliant Income (Annualized Return),AL Habib Islamic Savings Fund,AA(f),,"Jan 16, 2026",106.0579,10.3444,14.8604,19.9655,14.8604,12.8967,10.8608,10.351,11.4886,10.4864,15.49,19.421,AL Habib Mutual Fund
Open-End Funds,Shariah Compliant Income (Annualized Return),Alfalah GHP Islamic Income Fund,AA-(f),,"Jan 15, 2026",108.7472,9.432,10.2005,6.1685,10.2005,9.5995,9.5074,9.2473,10.3771,9.1481,15.0345,18.6762,Alfalah GHP Mutual Fund
Open-End Funds,Shariah Compliant Income (Annualized Return),Alfalah Islamic Sovereign Fund (Alfalah Islamic Sovereign Plan I),AA+(f),,"Jan 15, 2026",100.949,10.3146,16.5491,34.7845,16.5491,15.5758,11.4874,10.4696,10.9422,9.0255,14.7252,,Alfalah Mutual Fund
Open-End Funds,Shariah Compliant Income (Annualized Return),Alfalah Islamic Sovereign Fund (Alfalah Islamic Sovereign Plan II),AA+(f),,"Jan 15, 2026",116.0822,10.1303,22.102,41.245,22.102,17.9592,11.6021,9.9195,11.995,8.8098,14.4356,,Alfalah Mutual Fund
Open-End Funds,Shariah Compliant Income (Annualized Return),Alfalah Islamic Sovereign Fund (Alfalah Islamic Sovereign Plan III),AA+(f),,"Jan 15, 2026",106.3472,11.3704,20.1626,35.186,20.1626,17.1295,12.3313,11.371,11.6165,8.7776,,,Alfalah Mutual Fund
Open-End Funds,Shariah Compliant Income (Annualized Return),Alhamra Daily Dividend Fund,AA-(f),,"Jan 16, 2026",100,9.2985,8.5069,8.76,8.5069,8.5617,8.9514,9.1966,9.8731,9.8743,15.0135,18.1864,Alhamra Mutual Fund
Open-End Funds,Shariah Compliant Income (Annualized Return),Alhamra Government Securities Plan I,AA(f),,"Jan 15, 2026",105.5484,9.7835,11.1885,11.023,11.1885,11.315,9.9994,9.2029,11.2,8.0588,,,Alhamra Mutual Fund
Open-End Funds,Shariah Compliant Income (Annualized Return),Alhamra Islamic Income Fund,AA(f),,"Jan 15, 2026",110.3259,10.6149,19.6905,31.682,19.6905,17.065,11.7384,10.6239,11.7753,10.9598,16.1524,19.417,Alhamra Mutual Fund
Open-End Funds,Shariah Compliant Income (Annualized Return),Atlas Islamic Income Fund,AA-(f),,"Jan 15, 2026",542.3708,9.8909,9.0423,0.2555,9.0423,9.5399,9.9491,9.8169,10.6913,10.5468,15.9277,19.2597,Atlas Mutual Fund
Open-End Funds,Shariah Compliant Income (Annualized Return),AWT Islamic Income Fund,A+(f),,"Jan 15, 2026",111.438,10.1367,10.8575,8.979,10.8575,10.5181,10.0724,10.0359,10.6552,10.8494,16.6047,20.7618,AWT Mutual Fund
Open-End Funds,Shariah Compliant Income (Annualized Return),Faysal Halal Amdani Fund II,,,"Jan 15, 2026",101.5669,10.4225,9.8818,9.198,9.8818,9.7309,10.0205,10.5465,,,,,Faysal Mutual Fund
Open-End Funds,Shariah Compliant Income (Annualized Return),Faysal Halal Amdani Fund III,,,"Jan 15, 2026",100.7061,9.5883,9.0252,8.3585,9.0252,9.2309,,,,,,,Faysal Mutual Fund
Open-End Funds,Shariah Compliant Income (Annualized Return),Faysal Islamic Savings Growth Fund,A+(f),,"Jan 15, 2026",110.429,8.4304,11.5827,(3.3215),11.5827,10.5716,8.9238,8.1784,9.9172,9.2949,15.1491,17.608,Faysal Mutual Fund
Open-End Funds,Shariah Compliant Income (Annualized Return),Faysal Islamic Sovereign Fund (Faysal Islamic Sovereign Plan I),AA(f),,"Jan 15, 2026",104.705,7.1368,13.7921,40.9165,13.7921,10.1373,6.3401,6.8898,10.7032,6.8314,13.4285,,Faysal Mutual Fund
Open-End Funds,Shariah Compliant Income (Annualized Return),Faysal Islamic Sovereign Fund (Faysal Islamic Sovereign Plan II),AA(f),,"Jan 15, 2026",104.0082,6.5098,15.7656,(11.8625),15.7656,11.2055,6.1932,6.0799,10.0859,6.9276,13.8963,,Faysal Mutual Fund
Open-End Funds,Shariah Compliant Income (Annualized Return),Faysal Islamic Special Income Plan I,AA(f),,"Jan 16, 2026",10.6511,10.0731,15.2643,7.1905,15.2643,14.5185,10.6925,9.9817,11.8186,10.0233,14.9947,21.8437,Faysal Mutual Fund
Open-End Funds,Shariah Compliant Income (Annualized Return),HBL Islamic Income Fund,A+(f),,"Jan 15, 2026",109.8558,10.216,13.9187,16.425,13.9187,12.4696,10.5169,10.2303,10.913,10.1391,14.9126,19.3684,
Open-End Funds,Shariah Compliant Income (Annualized Return),JS Islamic Income Fund,AA-(f),,"Jan 15, 2026",112.032,9.4513,8.1809,8.8695,8.1809,8.1541,8.2632,9.4288,9.5981,9.8699,14.2568,17.9732,JS Mutual Fund
Open-End Funds,Shariah Compliant Income (Annualized Return),Lucky Islamic Income Fund,AA(f),,"Jan 15, 2026",105.8618,10.5313,10.6653,12.848,10.6653,10.8539,10.4621,10.511,,,,,Lucky Mutual Fund
Open-End Funds,Shariah Compliant Income (Annualized Return),Meezan Daily Income Fund (MDIP I),AA-(f),,"Jan 15, 2026",50,9.2288,8.9011,3.942,8.9011,9.0678,9.1343,9.0469,9.6793,9.2742,14.9829,18.9067,Meezan Mutual Fund
Open-End Funds,Shariah Compliant Income (Annualized Return),Meezan Daily Income Fund (Meezan Mahana Munafa Plan),,,"Jan 15, 2026",50,9.2053,8.3147,8.176,8.3147,10.7225,9.4774,9.215,9.2021,9.1905,13.3682,16.7682,Meezan Mutual Fund
Open-End Funds,Shariah Compliant Income (Annualized Return),Meezan Daily Income Fund (Meezan Munafa Plan I),,,"Jan 15, 2026",53.0648,9.7826,9.4657,9.344,9.4657,9.5873,9.6461,9.7273,10.145,8.8139,14.5997,,Meezan Mutual Fund
Open-End Funds,Shariah Compliant Income (Annualized Return),Meezan Daily Income Fund (Meezan Sehl Account Plan) (MSHP),,,"Jan 16, 2026",52.7384,8.2017,7.6966,7.7015,7.6966,7.7988,7.9538,8.1494,8.0366,7.865,12.6737,,Meezan Mutual Fund
Open-End Funds,Shariah Compliant Income (Annualized Return),Meezan Daily Income Fund (Meezan Super Saver Plan) (MSSP),,,"Jan 15, 2026",52.8802,9.154,8.8671,8.2125,8.8671,9.5119,9.1753,8.9316,9.8591,8.4454,,,Meezan Mutual Fund
Open-End Funds,Shariah Compliant Income (Annualized Return),Meezan Islamic Income Fund,A+(f),,"Jan 15, 2026",54.3124,8.9759,8.9133,8.8695,8.9133,8.9389,8.938,8.8807,8.7597,8.141,14.3034,17.7171,Meezan Mutual Fund
Open-End Funds,Shariah Compliant Income (Annualized Return),Meezan Sovereign Fund,AA(f),,"Jan 15, 2026",54.7233,8.5936,9.4778,7.738,9.4778,10.9683,9.2126,8.5499,8.6114,6.73,13.5668,17.9991,Meezan Mutual Fund
Open-End Funds,Shariah Compliant Income (Annualized Return),NBP Islamic Government Securities Plan III,,,"Jan 15, 2026",10.5189,15.8499,10.1056,(33.9815),10.1056,10.8174,8.8805,8.5002,10.0816,8.5039,,,NBP Mutual Fund
Open-End Funds,Shariah Compliant Income (Annualized Return),NBP Islamic Income Fund,A+(f),,"Jan 15, 2026",10.6123,8.6417,8.2368,(12.7385),8.2368,8.8111,8.8484,8.5736,9.3735,9.0177,14.5719,18.2355,NBP Mutual Fund
Open-End Funds,Shariah Compliant Income (Annualized Return),NBP Islamic Mahana Amdani Fund,A+(f),,"Jan 15, 2026",10.6347,9.3134,9.142,(0.6935),9.142,9.7443,9.4515,9.1489,9.6568,9.5915,14.9255,18.519,NBP Mutual Fund
Open-End Funds,Shariah Compliant Income (Annualized Return),NBP Islamic Savings Fund,AA-(f),,"Jan 16, 2026",10.0834,9.2459,8.7916,8.687,8.7916,8.9827,9.0333,9.1753,9.5744,9.8588,15.3546,18.0661,NBP Mutual Fund
Open-End Funds,Shariah Compliant Income (Annualized Return),NBP Riba Free Savings Fund,A+(f),,"Jan 15, 2026",10.8964,9.7222,9.2807,9.3805,9.2807,9.3951,9.5622,9.7279,9.8649,10.1603,15.1748,18.3401,NBP Mutual Fund
Open-End Funds,Shariah Compliant Income (Annualized Return),NIT Islamic Income Fund,AA-(f),,"Jan 15, 2026",10.2008,9.89,10.9743,13.943,10.9743,10.9026,10.0594,9.838,10.3254,10.483,15.4068,19.3468,NIT Mutual Fund
Open-End Funds,Shariah Compliant Income (Annualized Return),Pak Oman Advantage Islamic Income Fund,A+(f),,"Jan 15, 2026",55.2445,5.9326,5.9738,(2.2630),5.9738,6.2403,5.8132,5.5906,6.7365,6.2567,12.2597,17.5291,Pak Oman Mutual Fund
Open-End Funds,Shariah Compliant Income (Annualized Return),Pak Qatar Income Plan,AA-(f),,"Jan 15, 2026",123.1377,10.1982,8.3561,(49.6035),8.3561,10.5668,10.9192,10.0032,11.5709,11.2686,17.2363,21.2117,
Open-End Funds,Shariah Compliant Income (Annualized Return),Pak Qatar Khalis Bachat Plan,A(f),,"Jan 15, 2026",120.2689,9.3046,8.4388,(36.4270),8.4388,10.046,9.3902,9.2828,9.3679,9.2249,15.2612,19.2445,
Open-End Funds,Shariah Compliant Income (Annualized Return),Pak Qatar Monthly Income Plan,A+(f),,"Jan 15, 2026",100.5205,9.5769,4.5966,(97.5645),4.5966,8.0738,10.7042,9.5932,10.1133,10.1079,16.4447,20.3142,
Open-End Funds,Shariah Compliant Income (Annualized Return),786 Smart Fund,AA-(f),,"Jan 15, 2026",88.2978,9.236,8.2368,(3.0295),8.2368,8.8002,9.8477,9.2298,9.3102,9.9162,16.0647,20.0101,
Open-End Funds,Shariah Compliant Equity (Absolute Return),ABL Islamic Stock Fund,,,"Jan 15, 2026",34.806,30.0401,2.1804,(0.5659),2.1804,3.3497,5.6876,25.9718,32.4283,35.0423,128.7749,266.2466,ABL Mutual Fund
Open-End Funds,Shariah Compliant Equity (Absolute Return),AKD Islamic Stock Fund,,,"Jan 15, 2026",115.238,29.1165,3.9222,(0.4208),3.9222,6.3788,6.3693,24.3644,39.0922,40.7078,123.447,271.7444,AKD Mutual Fund
Open-End Funds,Shariah Compliant Equity (Absolute Return),Al Ameen Islamic Energy Fund,,,"Jan 15, 2026",359.444,32.9476,3.5468,0.3789,3.5468,5.4729,9.6281,31.9364,36.9852,32.8737,142.3438,315.9351,
Open-End Funds,Shariah Compliant Equity (Absolute Return),Al Ameen Shariah Stock Fund,,,"Jan 15, 2026",527.41,34.8288,2.6749,(0.4549),2.6749,3.1912,8.1423,29.3623,45.1988,51.5523,159.3217,321.3709,
Open-End Funds,Shariah Compliant Equity (Absolute Return),AL Habib Islamic Stock Fund,,,"Jan 15, 2026",190.6091,30.4399,3.3119,(0.1227),3.3119,3.9719,5.4707,25.4343,34.5529,42.7234,194.4694,373.9003,AL Habib Mutual Fund
Open-End Funds,Shariah Compliant Equity (Absolute Return),Al Meezan Mutual Fund,,,"Jan 14, 2026",52.4215,31.4422,1.9858,(2.5213),1.1945,1.706,4.9372,27.2663,38.2399,45.7482,139.6374,281.5727,Al Meezan Mutual Fund
Open-End Funds,Shariah Compliant Equity (Absolute Return),Alfalah GHP Islamic Stock Fund,,,"Jan 15, 2026",76.2236,31.3163,2.1687,(0.3987),2.1687,3.326,6.5371,28.9096,34.3029,36.9189,133.7381,298.8044,Alfalah GHP Mutual Fund
Open-End Funds,Shariah Compliant Equity (Absolute Return),Alhamra Islamic Stock Fund,,,"Jan 15, 2026",31.58,31.4738,3.5749,(0.1896),3.5749,4.5695,7.9658,26.1182,43.6176,49.9606,156.3248,331.3391,Alhamra Mutual Fund
Open-End Funds,Shariah Compliant Equity (Absolute Return),Alhamra Opportunity Fund (Dividend Strategy Plan),,,"Jan 15, 2026",220.6397,40.3738,4.4179,(0.3376),4.4179,6.4659,15.5789,34.2309,54.3363,57.2335,,,Alhamra Mutual Fund
Open-End Funds,Shariah Compliant Equity (Absolute Return),Atlas Islamic Stock Fund,,,"Jan 15, 2026","1,692.7120",33.2414,2.8954,(0.6216),2.8954,3.8009,6.5857,29.0597,39.5319,44.5244,149.8892,307.5787,Atlas Mutual Fund
Open-End Funds,Shariah Compliant Equity (Absolute Return),AWT Islamic Stock Fund,,,"Jan 15, 2026",200.4163,33.3427,2.8657,(0.3069),2.8657,4.2459,8.3802,29.2444,39.1043,43.5812,139.6232,271.1136,AWT Mutual Fund
Open-End Funds,Shariah Compliant Equity (Absolute Return),Faysal Islamic Stock Fund,,,"Jan 15, 2026",128.9937,34.6246,2.5838,(0.5009),2.5838,3.449,8.2199,29.8982,34.7666,41.0631,134.4581,221.1838,Faysal Mutual Fund
Open-End Funds,Shariah Compliant Equity (Absolute Return),Faysal Islamic Stock Fund II,,,"Jan 15, 2026",136.4924,35.1074,4.0486,(0.2687),4.0486,5.7353,9.1362,28.4035,42.9705,,,,Faysal Mutual Fund
Open-End Funds,Shariah Compliant Equity (Absolute Return),HBL Islamic Equity Fund,,,"Jan 15, 2026",213.9038,34.6266,2.3249,(0.1200),2.3249,3.2397,8.9912,32.1014,34.2843,31.2793,132.3654,233.4383,
Open-End Funds,Shariah Compliant Equity (Absolute Return),HBL Islamic Stock Fund,,,"Jan 15, 2026",269.5499,29.8454,1.3304,(0.0117),1.3304,1.6846,9.3167,28.4269,32.0966,34.9368,126.9116,250.5775,
Open-End Funds,Shariah Compliant Equity (Absolute Return),JS Islamic Fund,,,"Jan 15, 2026",288.23,32.416,2.5985,(0.1213),2.5985,4.4842,6.2756,30.3324,35.3004,39.1764,134.6867,255.0226,JS Mutual Fund
Open-End Funds,Shariah Compliant Equity (Absolute Return),Lucky Islamic Energy Fund,,,"Jan 15, 2026",100.5579,0.5579,0.5579,0.3158,0.5579,,,,,,,,Lucky Mutual Fund
Open-End Funds,Shariah Compliant Equity (Absolute Return),Lucky Islamic Stock Fund,,,"Jan 15, 2026",142.65,32.8707,2.2507,(0.4744),2.2507,3.2648,7.4495,29.2471,,,,,Lucky Mutual Fund
Open-End Funds,Shariah Compliant Equity (Absolute Return),Meezan Energy Fund,,,"Jan 15, 2026",64.8085,30.957,2.5703,(0.0088),2.5703,3.8074,5.4742,29.5212,28.5025,28.259,114.6299,265.1591,Meezan Mutual Fund
Open-End Funds,Shariah Compliant Equity (Absolute Return),Meezan Islamic Fund,,,"Jan 15, 2026",172.0442,33.3616,2.3079,(0.3490),2.3079,3.0622,6.281,29.0677,39.415,45.1461,138.8999,275.6092,Meezan Mutual Fund
Open-End Funds,Shariah Compliant Equity (Absolute Return),NBP Islamic Energy Fund,,,"Jan 15, 2026",23.5101,32.2709,4.2392,0.5436,4.2392,6.5459,11.2383,32.2375,33.092,29.9932,134.2958,303.0373,NBP Mutual Fund
Open-End Funds,Shariah Compliant Equity (Absolute Return),NBP Islamic Stock Fund,,,"Jan 15, 2026",26.8581,40.323,3.5006,0.0093,3.5006,4.6247,13.3789,34.1423,46.4485,49.4105,161.277,312.5287,NBP Mutual Fund
Open-End Funds,Shariah Compliant Equity (Absolute Return),NIT Islamic Equity Fund,,,"Jan 15, 2026",20.38,29.6438,2.1042,(0.4883),2.1042,3.6623,6.1458,25.4154,33.962,33.3726,118.294,240.0402,NIT Mutual Fund
Open-End Funds,Shariah Compliant Equity (Absolute Return),Pak Qatar Islamic Stock Fund,,,"Jan 15, 2026",279.1744,26.7049,1.837,(0.3748),1.837,2.8766,6.5747,24.0674,34.2289,31.1953,85.821,186.3386,
Open-End Funds,Shariah Compliant Capital Protected (Absolute Return),JS Islamic Sarmaya Mehfooz Fund (JS Islamic Sarmaya Mehfooz Plan 1),,,"Jan 15, 2026",104.427,11.6847,2.4161,0.2105,2.4161,4.0291,5.7405,,,,,,JS Mutual Fund
Open-End Funds,Shariah Compliant Capital Protected (Absolute Return),JS Islamic Sarmaya Mehfooz Fund Plan 2 2020,,,"Jan 15, 2026",99.9496,(0.0504),0.3316,(0.1174),0.3316,0.2143,,,,,,,JS Mutual Fund
Open-End Funds,Shariah Compliant Capital Protected (Absolute Return),NBP Islamic Principal Protection Fund I (NBP Islamic Principal Protection Plan I),,,"Jan 15, 2026",10.4155,4.4852,1.1057,(0.0537),1.1057,1.5859,4.6721,,,,,,NBP Mutual Fund
Open-End Funds,Shariah Compliant Capital Protected (Absolute Return),NBP Islamic Principal Protection Fund II (NBP Islamic Principal Protection Fund I),,,"Jan 15, 2026",10.1471,1.471,0.9601,(0.0325),0.9601,,,,,,,,NBP Mutual Fund
Open-End Funds,Shariah Compliant Fixed Rate / Return (Annualized Return),ABL Islamic Fixed Term Plan IV,,,"Jan 15, 2026",10.0684,10.4025,10.3149,10.147,10.3149,,,,,,,,ABL Mutual Fund
Open-End Funds,Shariah Compliant Fixed Rate / Return (Annualized Return),Al Ameen Islamic Fixed Term Plan I (M),,,"Jan 15, 2026",100.1989,8.5039,4.8399,5.621,4.8399,4.3472,7.3162,8.2368,8.6351,9.2159,,,
Open-End Funds,Shariah Compliant Fixed Rate / Return (Annualized Return),AL Habib Islamic Munafa Fund Plan V,,,"Jan 15, 2026",100,10.3354,9.8185,,9.8185,10.2431,,,,,,,AL Habib Mutual Fund
Open-End Funds,Shariah Compliant Fixed Rate / Return (Annualized Return),Alfalah Islamic Stable Return Fund Plan  X,,,"Jan 15, 2026",101.0146,10.5808,10.5558,10.512,10.5558,10.6057,,,,,,,Alfalah Mutual Fund
Open-End Funds,Shariah Compliant Fixed Rate / Return (Annualized Return),Alfalah Islamic Stable Return Fund Plan IX,,,"Jan 13, 2026",100.9651,10.3606,9.7174,(0.1095),9.8428,10.422,,,,,,,Alfalah Mutual Fund
Open-End Funds,Shariah Compliant Fixed Rate / Return (Annualized Return),Alfalah Islamic Stable Return Fund Plan VI,,,"Jan 09, 2026",102.8962,10.4665,8.8857,(1.3505),9.4924,9.6847,10.3555,,,,,,Alfalah Mutual Fund
Open-End Funds,Shariah Compliant Fixed Rate / Return (Annualized Return),Alfalah Islamic Stable Return Fund Plan VII,,,"Jan 16, 2026",102.8732,10.3833,9.5653,1.0585,9.507,10.0351,10.4751,,,,,,Alfalah Mutual Fund
Open-End Funds,Shariah Compliant Fixed Rate / Return (Annualized Return),Alfalah Islamic Stable Return Fund Plan VIII,,,"Jan 15, 2026",102.8906,10.5507,10.5655,10.512,10.5655,10.8527,10.684,,,,,,Alfalah Mutual Fund
Open-End Funds,Shariah Compliant Fixed Rate / Return (Annualized Return),Alhamra Wada Fund (Alhamra Wada Plan XIV),,,"Jan 15, 2026",102.444,10.6198,11.9404,10.3295,11.9404,10.7517,,,,,,,Alhamra Mutual Fund
Open-End Funds,Shariah Compliant Fixed Rate / Return (Annualized Return),Faysal Islamic Mustakil Munafa Fund (Faysal Islamic Mehdood Muddat Plan I),,,"Jan 15, 2026",122.4169,10.0439,12.2932,13.651,12.2932,11.6301,10.542,9.4671,11.6839,10.6142,,,Faysal Mutual Fund
Open-End Funds,Shariah Compliant Fixed Rate / Return (Annualized Return),Faysal Islamic Mustakil Munafa Fund (Faysal Islamic Mehdood Muddat Plan VI),,,"Jan 15, 2026",106.2279,11.1881,10.4828,10.439,10.4828,10.6787,10.9163,11.1477,,,,,Faysal Mutual Fund
Open-End Funds,Shariah Compliant Fixed Rate / Return (Annualized Return),Faysal Islamic Mustakil Munafa Fund (Faysal Islamic Mehdood Muddat Plan XII),,,"Jan 15, 2026",100,10.5006,9.8453,9.4535,9.8453,10.192,10.5006,,,,,,Faysal Mutual Fund
Open-End Funds,Shariah Compliant Fixed Rate / Return (Annualized Return),Faysal Islamic Mustakil Munafa Fund (Faysal Islamic Mehdood Muddat Plan XIII),,,"Jan 15, 2026",101.4318,10.4521,10.2516,10.22,10.2516,10.3611,,,,,,,Faysal Mutual Fund
Open-End Funds,Shariah Compliant Fixed Rate / Return (Annualized Return),Faysal Islamic Mustakil Munafa Fund (Faysal Islamic Mehdood Muddat Plan XIV),,,"Jan 15, 2026",101.4819,10.8179,10.5801,10.5485,10.5801,10.7213,,,,,,,Faysal Mutual Fund
Open-End Funds,Shariah Compliant Fixed Rate / Return (Annualized Return),Faysal Islamic Mustakil Munafa Fund (Faysal Islamic Mehdood Muddat Plan XV),,,"Jan 15, 2026",100.9909,10.3337,10.0399,9.9645,10.0399,10.2894,,,,,,,Faysal Mutual Fund
Open-End Funds,Shariah Compliant Fixed Rate / Return (Annualized Return),HBL Islamic Fixed Term Fund Plan II,,,"Dec 12, 2025",100,,,,,,,,,,,,
Open-End Funds,Shariah Compliant Fixed Rate / Return (Annualized Return),HBL Islamic Fixed Term Fund Plan V,,,"Nov 20, 2025",100.6076,10.5607,10.262,10.293,10.3587,,,,,,,,
Open-End Funds,Shariah Compliant Fixed Rate / Return (Annualized Return),HBL Islamic Fixed Term Fund Plan VI,,,"Nov 12, 2025",100,,,,,,,,,,,,
Open-End Funds,Shariah Compliant Fixed Rate / Return (Annualized Return),Lucky Islamic Fixed Term Fund Plan IX,,,"Jan 15, 2026",100.057,0.9457,(3.4626),10.4025,(3.4626),,,,,,,,Lucky Mutual Fund
Open-End Funds,Shariah Compliant Fixed Rate / Return (Annualized Return),Lucky Islamic Fixed Term Fund Plan V,,,"Jan 15, 2026",101.8378,10.6476,10.4828,10.4755,10.4828,10.5071,,,,,,,Lucky Mutual Fund
Open-End Funds,Shariah Compliant Fixed Rate / Return (Annualized Return),Lucky Islamic Fixed Term Fund Plan VII,,,"Jan 15, 2026",101.0289,10.73,10.5339,10.512,10.5339,10.557,,,,,,,Lucky Mutual Fund
Open-End Funds,Shariah Compliant Fixed Rate / Return (Annualized Return),Lucky Islamic Fixed Term Fund Plan VIII,,,"Jan 15, 2026",100.8017,10.4507,10.4293,10.4025,10.4293,9.754,,,,,,,Lucky Mutual Fund
Open-End Funds,Shariah Compliant Fixed Rate / Return (Annualized Return),Lucky Islamic Fixed Term Fund Plan X,,,"Jan 15, 2026",100.4861,8.0648,10.4366,10.439,10.4366,,,,,,,,Lucky Mutual Fund
Open-End Funds,Shariah Compliant Fixed Rate / Return (Annualized Return),Lucky Islamic Fixed Term Fund Plan XI,,,"Jan 13, 2026",100.5985,10.4025,10.3828,9.7455,10.3684,,,,,,,,Lucky Mutual Fund
Open-End Funds,Shariah Compliant Fixed Rate / Return (Annualized Return),Meezan Paidaar Munafa Plan XXX,,,"Jan 13, 2026",50.873,21.0773,59.2957,644.809,52.7985,31.7209,,,,,,,Meezan Mutual Fund
Open-End Funds,Shariah Compliant Fixed Rate / Return (Annualized Return),Meezan Paidaar Munafa Plan XXXI,,,"Jan 14, 2026",50.7913,10.5027,10.3843,10.366,10.3879,10.4317,,,,,,,Meezan Mutual Fund
Open-End Funds,Shariah Compliant Fixed Rate / Return (Annualized Return),Meezan Paidaar Munafa Plan XXXII,,,"Jan 12, 2026",50.4602,21.0936,38.5258,346.385,32.94,21.7856,,,,,,,Meezan Mutual Fund
Open-End Funds,Shariah Compliant Fixed Rate / Return (Annualized Return),Meezan Paidaar Munafa Plan XXXIII,,,"Jan 14, 2026",50.2771,10.1142,10.1053,10.1105,10.1032,,,,,,,,Meezan Mutual Fund
Open-End Funds,Shariah Compliant Fixed Rate / Return (Annualized Return),NBP Islamic Fixed Term Munafa Plan IA (NBP Islamic Mustahkam Fund),,,"Jan 15, 2026",10.0262,4.1578,,,,,,,,,,,NBP Mutual Fund
Open-End Funds,Shariah Compliant Fixed Rate / Return (Annualized Return),NBP Islamic Fixed Term Munafa Plan IIIA (NBP Islamic Mustahkam Fund),,,"Jan 15, 2026",10,,,,,,,,,,,,NBP Mutual Fund
Open-End Funds,Shariah Compliant Fixed Rate / Return (Annualized Return),NBP Islamic Fixed Term Munafa Plan VIII (NBP Islamic Mustahkam Fund),,,"Jan 15, 2026",10.1627,8.4836,,,,10.9683,,,,,,,NBP Mutual Fund
Open-End Funds,Shariah Compliant Fund of Funds - CPPI (Absolute Return),ABL Islamic Financial Planning Fund (Capital Preservation Plan I),,,"Jan 15, 2026",113.2289,12.6029,0.906,(0.1234),0.906,1.475,3.1519,10.2338,16.0893,18.8766,53.9409,91.3014,ABL Mutual Fund
Open-End Funds,Shariah Compliant Aggressive Fixed Income (Annualized Return),Al Ameen Islamic Aggressive Income Fund,A+(f),,"Jan 15, 2026",106.3958,9.8042,9.4535,(62.7070),9.4535,10.6775,10.6957,8.8778,10.6188,9.9909,22.7694,25.4505,
Open-End Funds,Shariah Compliant Aggressive Fixed Income (Annualized Return),Al Ameen Islamic Aggressive Income Plan I,A+(f),,"Jan 15, 2026",118.0769,33.1561,5.6186,5.329,5.6186,5.5942,7.6176,35.0394,82.3186,64.7652,50.1895,44.3104,
Open-End Funds,Shariah Compliant Aggressive Fixed Income (Annualized Return),Faysal Islamic Financial Growth Fund (Faysal Islamic Financial Growth Plan I),A+(f),,"Jan 15, 2026",105.1134,8.4907,8.3244,4.307,8.3244,8.7783,8.5605,8.3932,9.3958,8.5628,14.747,,Faysal Mutual Fund
Open-End Funds,Shariah Compliant Aggressive Fixed Income (Annualized Return),Faysal Islamic Financial Growth Fund (Faysal Islamic Financial Growth Plan II),,,"Jan 15, 2026",105.293,9.4795,9.2515,7.9935,9.2515,8.8671,8.9928,9.355,9.827,10.1233,,,Faysal Mutual Fund
Open-End Funds,Shariah Compliant Aggressive Fixed Income (Annualized Return),Faysal Islamic Financial Growth Fund II,,,"Jan 15, 2026",101.0581,10.728,10.2151,10.1835,10.2151,10.3964,,,,,,,Faysal Mutual Fund
Open-End Funds,Shariah Compliant Balanced (Absolute Return),Meezan Balanced Fund,,,"Jan 15, 2026",28.3945,19.2655,1.1914,(0.2393),1.1914,1.8027,4.385,17.2532,23.5421,28.656,77.4182,141.4035,Meezan Mutual Fund
Open-End Funds,Shariah Compliant Asset Allocation (Absolute Return),ABL Islamic Asset Allocation Fund,,,"Jan 15, 2026",10.1786,2.2174,0.5075,(0.0334),0.5075,0.5006,0.7802,2.164,2.8569,(2.1491),18.3162,41.7444,ABL Mutual Fund
Open-End Funds,Shariah Compliant Asset Allocation (Absolute Return),Al Ameen Islamic Asset Allocation Fund,,,"Jan 15, 2026",223.82,16.0449,1.294,(0.1598),1.294,1.6963,4.2629,13.6624,21.659,25.0395,71.5209,131.2582,
Open-End Funds,Shariah Compliant Asset Allocation (Absolute Return),Alfalah GHP Islamic Value Fund,,,"Jan 15, 2026",135.8854,5.4188,0.3648,(0.0135),0.3648,0.7796,2.5916,4.7752,8.0629,10.7778,34.4829,65.2081,Alfalah GHP Mutual Fund
Open-End Funds,Shariah Compliant Asset Allocation (Absolute Return),Alhamra Islamic Asset Allocation Fund,,,"Jan 15, 2026",226.8712,29.939,3.2266,(0.1615),3.2266,3.8867,7.4319,24.8852,42.6092,51.7798,147.0896,296.4382,Alhamra Mutual Fund
Open-End Funds,Shariah Compliant Asset Allocation (Absolute Return),AWT Islamic Asset Allocation Fund (Formerly AWT Stock Fund),,,"Jan 15, 2026",191.3843,6.36,2.6041,(0.2786),2.6041,3.8334,7.9924,,,,,,AWT Mutual Fund
Open-End Funds,Shariah Compliant Asset Allocation (Absolute Return),Faysal Islamic Asset Allocation Fund,,,"Jan 15, 2026",95.1417,5.7906,0.3466,(0.2552),0.3466,0.8157,3.139,5.1568,9.0426,12.2011,38.1983,66.2045,Faysal Mutual Fund
Open-End Funds,Shariah Compliant Asset Allocation (Absolute Return),Faysal Islamic Asset Allocation Fund II,,,"Jan 15, 2026",123.5909,22.1604,1.4772,(0.2611),1.4772,2.2233,5.4609,18.5797,16.4634,24.9103,,,Faysal Mutual Fund
Open-End Funds,Shariah Compliant Asset Allocation (Absolute Return),Faysal Islamic Asset Allocation Fund III (Faysal Shariah Flex Plan I),,,"Jan 15, 2026",103.7025,3.9439,0.4573,(0.0229),0.4573,0.8052,3.0758,,,,,,Faysal Mutual Fund
Open-End Funds,Shariah Compliant Asset Allocation (Absolute Return),Faysal Islamic Asset Allocation Fund III (Faysal Shariah Flex Plan II),,,"Jan 15, 2026",102.1308,2.1308,1.2633,0.0146,1.2633,1.6119,,,,,,,Faysal Mutual Fund
Open-End Funds,Shariah Compliant Asset Allocation (Absolute Return),HBL Islamic Asset Allocation Fund,,,"Jan 09, 2026",327.5518,29.3366,2.5244,(0.6386),4.1158,3.2835,11.061,26.6572,30.4472,37.5215,120.3725,238.0841,
Open-End Funds,Shariah Compliant Asset Allocation (Absolute Return),Lakson Islamic Tactical Fund,,,"Jan 15, 2026",96.6532,12.3349,0.9896,(0.3503),0.9896,1.5523,3.2811,11.5782,14.3106,17.5405,51.7539,99.4236,Lakson Mutual Fund
Open-End Funds,Shariah Compliant Asset Allocation (Absolute Return),Meezan Asset Allocation Fund,,,"Jan 15, 2026",121.5275,27.8946,1.515,(0.2702),1.515,2.0176,5.8445,25.023,34.9338,45.2308,120.9927,233.5259,Meezan Mutual Fund
Open-End Funds,Shariah Compliant Asset Allocation (Absolute Return),Meezan Dynamic Asset Allocation Fund (Meezan Dividend Yield Plan),,,"Jan 15, 2026",91.592,35.0584,3.2619,(0.1907),3.2619,4.6087,6.6351,29.1731,45.2043,50.5653,,,Meezan Mutual Fund
Open-End Funds,Shariah Compliant Asset Allocation (Absolute Return),NBP Islamic Sarmaya Izafa Fund,,,"Jan 15, 2026",38.3394,37.7515,3.5008,0.162,3.5008,5.0596,13.2851,32.065,43.8095,41.9316,132.0357,256.6543,NBP Mutual Fund
Open-End Funds,Shariah Compliant Asset Allocation (Absolute Return),Pak Oman Islamic Asset Allocation Fund,,,"Jan 15, 2026",49.784,25.3512,2.0863,(0.1196),2.0863,4.332,8.3691,24.1955,26.1881,27.1344,75.4678,125.1431,Pak Oman Mutual Fund
Open-End Funds,Shariah Compliant Asset Allocation (Absolute Return),Pak Qatar Asset Allocation Plan I (PQAAP  IA),,,"Jan 15, 2026",125.9415,6.0282,0.4134,0.0151,0.4134,1.0666,2.6549,5.292,9.1975,12.1891,36.8886,,
Open-End Funds,Shariah Compliant Asset Allocation (Absolute Return),Pak Qatar Asset Allocation Plan II (PQAAP  IIA),,,"Jan 15, 2026",123.6556,6.0594,0.6461,(0.0188),0.6461,1.2613,2.7825,5.3302,9.3972,11.7731,35.2558,,
Open-End Funds,Shariah Compliant Asset Allocation (Absolute Return),Pak-Qatar Asset Allocation Plan III (PQAAP  IIIA),,,"Jan 15, 2026",180.9569,26.0635,3.5595,(0.3051),3.5595,5.0283,7.7105,24.6564,28.2706,28.0476,,,Pak-Qatar Mutual Fund
Open-End Funds,Shariah Compliant Fund of Funds (Absolute Return),ABL Islamic Financial Planning Fund (Active Allocation Plan),,,"Jan 15, 2026",107.145,26.7063,1.922,(0.4139),1.922,2.9112,5.0001,21.8399,31.5699,34.2628,103.7719,187.5144,ABL Mutual Fund
Open-End Funds,Shariah Compliant Fund of Funds (Absolute Return),ABL Islamic Financial Planning Fund (Conservative Allocation Plan),,,"Jan 15, 2026",121.6981,5.0918,0.3822,0.0247,0.3822,0.742,2.3036,4.6484,7.2661,9.9076,30.2726,56.2535,ABL Mutual Fund
Open-End Funds,Shariah Compliant Fund of Funds (Absolute Return),Alfalah GHP Islamic Prosperity Planning Fund (Alfalah GHP Islamic Active Allocation Plan II),,,"Jan 15, 2026",104.8088,15.2737,1.6911,(0.2044),1.6911,1.7584,4.3334,14.4396,16.6568,21.0075,97.3117,181.0077,Alfalah GHP Mutual Fund
Open-End Funds,Shariah Compliant Fund of Funds (Absolute Return),Alfalah GHP Islamic Prosperity Planning Fund (Alfalah GHP Islamic Balance Allocation Plan),,,"Jan 15, 2026",109.7943,8.3884,0.7134,(0.0270),0.7134,1.0739,2.0825,7.3654,10.4408,12.8739,44.0033,79.4208,Alfalah GHP Mutual Fund
Open-End Funds,Shariah Compliant Fund of Funds (Absolute Return),Alfalah GHP Islamic Prosperity Planning Fund (Alfalah GHP Islamic Moderate Allocation Plan),,,"Jan 15, 2026",117.5476,12.5848,0.5891,(0.0304),0.5891,0.7992,2.4287,10.9909,15.0719,18.5157,65.0816,111.3657,Alfalah GHP Mutual Fund
Open-End Funds,Shariah Compliant Fund of Funds (Absolute Return),Alfalah KTrade Islamic Plan VII,,,"Jan 15, 2026",129.492,3.5805,0.4093,0.0258,0.4093,0.7552,2.0635,3.5292,5.3928,7.632,19.4089,,Alfalah Mutual Fund
Open-End Funds,Shariah Compliant Fund of Funds (Absolute Return),Alhamra Smart Portfolio,,,"Jan 15, 2026",170.5417,11.2738,1.4857,0.0176,1.4857,2.1421,4.067,9.7526,15.8861,18.6133,53.1783,96.9071,Alhamra Mutual Fund
Open-End Funds,Shariah Compliant Fund of Funds (Absolute Return),Atlas Islamic Fund of Funds (Atlas Aggressive Allocation Islamic Plan),,,"Jan 15, 2026","1,501.6541",28.9866,2.4401,(0.4738),2.4401,3.2515,6.544,25.6298,34.2849,38.3764,117.2506,221.3668,Atlas Mutual Fund
Open-End Funds,Shariah Compliant Fund of Funds (Absolute Return),Atlas Islamic Fund of Funds (Atlas Conservative Allocation Islamic Plan),,,"Jan 15, 2026",943.955,16.5678,1.4662,(0.2436),1.4662,2.0646,4.092,14.8619,20.0783,23.3647,66.5759,119.2972,Atlas Mutual Fund
Open-End Funds,Shariah Compliant Fund of Funds (Absolute Return),Atlas Islamic Fund of Funds (Atlas Moderate Allocation Islamic Plan),,,"Jan 15, 2026","1,259.4173",23.9635,2.1067,(0.3965),2.1067,2.8457,5.1171,21.2207,28.7183,32.6053,95.8374,175.7325,Atlas Mutual Fund
Open-End Funds,Shariah Compliant Fund of Funds (Absolute Return),Faysal Islamic Financial Planning Fund II (Faysal Priority Ascend Plan I),,,"Jan 14, 2026",113.8266,13.8266,1.5214,(0.0450),1.3537,1.6987,5.0686,13.8266,,,,,Faysal Mutual Fund
Open-End Funds,Shariah Compliant Fund of Funds (Absolute Return),Faysal Islamic Financial Planning Fund II (Faysal Priority Ascend Plan II),,,"Jan 14, 2026",104.5356,4.5356,0.8167,0.0201,0.7801,1.1114,3.0078,,,,,,Faysal Mutual Fund
Open-End Funds,Shariah Compliant Fund of Funds (Absolute Return),Faysal Islamic Financial Planning Fund II (Faysal Priority Ascend Plan III),,,"Jan 14, 2026",105.6969,5.5958,0.3436,0.0247,0.3653,0.738,2.4009,5.0165,,,,,Faysal Mutual Fund
Open-End Funds,Shariah Compliant Fund of Funds (Absolute Return),Faysal Khushal Mustaqbil Fund (Faysal Barak’ah Women Savers Plan),,,"Jan 14, 2026",104.9655,4.879,0.3097,0.0217,0.3332,0.6866,2.1494,4.409,6.7849,8.5976,,,Faysal Mutual Fund
Open-End Funds,Shariah Compliant Fund of Funds (Absolute Return),Faysal Khushal Mustaqbil Fund (Faysal Nu’umah Women Savers Plan),,,"Jan 14, 2026",104.9607,4.8747,0.3192,0.0227,0.3431,0.7022,2.1707,4.4064,6.6913,8.4927,,,Faysal Mutual Fund
Open-End Funds,Shariah Compliant Fund of Funds (Absolute Return),Meezan Financial Planning Fund of Funds (Aggressive),,,"Jan 15, 2026",187.5001,25.1387,1.3156,(0.1232),1.3156,1.8463,5.2082,22.0177,30.0343,34.2534,105.4565,196.032,Meezan Mutual Fund
Open-End Funds,Shariah Compliant Fund of Funds (Absolute Return),Meezan Financial Planning Fund of Funds (Conservative),,,"Jan 15, 2026",122.253,11.0708,0.6365,(0.0289),0.6365,1.0681,2.9474,9.8079,13.9129,15.9858,49.8392,92.4984,Meezan Mutual Fund
Open-End Funds,Shariah Compliant Fund of Funds (Absolute Return),Meezan Financial Planning Fund of Funds (MAAP I),,,"Jan 15, 2026",148.6585,23.4039,1.4493,(0.1621),1.4493,1.996,5.2747,20.7687,29.0708,36.6375,100.684,183.9226,Meezan Mutual Fund
Open-End Funds,Shariah Compliant Fund of Funds (Absolute Return),Meezan Financial Planning Fund of Funds (Moderate),,,"Jan 15, 2026",147.8204,18.2207,1.0868,(0.0688),1.0868,1.5854,4.0775,16.082,22.1536,25.1502,77.9535,145.3595,Meezan Mutual Fund
Open-End Funds,Shariah Compliant Fund of Funds (Absolute Return),Meezan Financial Planning Fund of Funds (Very Conservative Allocation Plan),,,"Jan 15, 2026",53.3562,4.9034,0.3564,0.0249,0.3564,0.739,2.2251,4.3203,6.5862,7.9514,26.2064,,Meezan Mutual Fund
Open-End Funds,Shariah Compliant Fund of Funds (Absolute Return),Meezan Strategic Allocation Fund (MSAP I),,,"Jan 14, 2026",98.4405,22.3047,1.5027,(0.1907),1.014,1.3133,4.9064,19.7228,27.7188,33.5422,101.1011,180.4818,Meezan Mutual Fund
Open-End Funds,Shariah Compliant Fund of Funds (Absolute Return),Meezan Strategic Allocation Fund (MSAP II),,,"Jan 14, 2026",84.4813,23.691,1.5978,(0.2104),1.0622,1.3473,4.92,21.0282,28.9581,36.4644,106.9066,184.8701,Meezan Mutual Fund
Open-End Funds,Shariah Compliant Fund of Funds (Absolute Return),Meezan Strategic Allocation Fund (MSAP III),,,"Jan 14, 2026",93.6676,23.1953,1.5763,(0.2021),1.0591,1.362,5.122,20.5949,28.6587,34.9739,98.8303,177.0664,Meezan Mutual Fund
Open-End Funds,Shariah Compliant Fund of Funds (Absolute Return),Meezan Strategic Allocation Fund (MSAP IV),,,"Jan 14, 2026",98.2582,22.926,1.5743,(0.2035),1.0542,1.3491,5.06,20.3643,28.4412,34.435,96.0639,172.6996,Meezan Mutual Fund
Open-End Funds,Shariah Compliant Fund of Funds (Absolute Return),Meezan Strategic Allocation Fund (MSAP V),,,"Jan 14, 2026",110.7176,23.1141,1.572,(0.2067),1.0459,1.3252,4.8252,20.4843,28.7896,35.7483,94.9889,167.1401,Meezan Mutual Fund
Open-End Funds,Shariah Compliant Index Tracker (Absolute Return),KSE Meezan Index Fund,,,"Jan 15, 2026",191.474,37.1413,2.3163,(0.6602),2.3163,4.1063,6.5934,31.0382,42.0012,42.7389,129.5663,255.7396,
Open-End Funds,Shariah Compliant Commodities (Absolute Return),Meezan Gold Fund,,,"Jan 14, 2026",296.5127,28.6043,5.3095,(0.6396),4.0689,1.4599,2.618,27.2286,28.0465,54.3244,100.2753,155.5643,Meezan Mutual Fund
